"bathybaseid","lat","name","lon","depth_mean","depth_max","id"
3,44.0658883659911,"Irogami Lake",-89.2325567984876,0.7,1.5,"nhd_6864373"
4,43.7430226642538,"Jordan Lake",-89.6465962428472,8.1,25.9,"nhd_6866553"
5,43.9849369704165,"Pleasant Lake",-89.5524059639727,4.3,7.3,"nhd_6866301"
6,43.9524379379123,"School Section Lake",-89.5479009087896,2,3.7,"nhd_6866345"
7,43.9291922236723,"Tuttle Lake",-89.2916702132088,2,9.1,"nhd_6866369"
8,43.0101561539879,"Cox Hollow Lake",-90.1105637148111,3.8,8.5,"nhd_13634461"
9,43.6097206419567,"Lake Redstone",-90.0901196133573,4.1,10.7,"nhd_13652598"
10,45.3739331570847,"Summit Lake",-89.2071152209185,3,7.6,"nhd_14726284"
11,43.8096029592315,"Green Lake",-88.9976865973775,31.2,67.1,"nhd_120052176"
12,45.2127422122589,"Pesobic Lake",-89.6810065533703,1.8,3.4,"nhd_14726662"
13,43.8132543604876,"East Spring Lake",-89.3024359672377,6.9,14.9,"nhd_6866469"
15,45.7534858485661,"Tamarack Lake",-89.3414340903275,3.4,6.1,"nhd_13394595"
16,45.8139890104431,"Indian Lake",-89.302567899792,3.1,7.9,"nhd_13394253"
17,43.9075769872775,"Neshonoc Lake",-91.0578751372347,1.2,3,"nhd_2454776"
19,44.0881598579144,"Marinuka Lake",-91.3514726679374,0.8,1.5,"nhd_13138501"
20,44.4283941083576,"Sherwood Lake",-90.3780638851478,1,2.7,"nhd_13134709"
21,43.6582576088403,"Mason Lake",-89.6070544264559,2.1,2.7,"nhd_6866613"
23,44.4703741370315,"Lake Emily",-89.3377490855073,5.4,10.7,"nhd_9035735"
24,44.4203452691137,"Lake Lime",-89.3451397603074,4.4,8.8,"nhd_9035845"
25,44.2162790778699,"Long Lake",-89.1214119558033,8,21.3,"nhd_9036137"
26,44.4735706967185,"Thomas Lake",-89.3901824698191,4.5,7.6,"nhd_9035729"
27,44.815414362652,"Altoona Lake",-91.42305211524,2.8,6.1,"nhd_13097728"
28,45.2228852051613,"Jerry Lake",-90.58978926857,3.8,9.1,"nhd_13102611"
29,45.2904073149192,"Lost Lake",-90.5609838391776,4,7.6,"nhd_14729180"
30,45.3622384871029,"South Harper Lake",-90.1934387185254,3.4,9.1,"nhd_12980565"
31,45.7403626206626,"Crane and Chase Lake",-90.5057998605697,4,6.1,"nhd_12991541"
32,45.8296541703178,"Stone Lake",-89.9719442561561,1.9,4.3,"nhd_12988983"
33,45.9395866674696,"Bass Lake",-90.609280134163,4.8,13.7,"nhd_13349370"
34,46.0396477503787,"Boot Lake",-90.1384642443587,2.3,4.6,"nhd_13345714"
35,46.028533062294,"Randall Lake",-90.0237530342079,2.2,3.7,"nhd_13345726"
36,46.0334689766114,"Ike Walton Lake",-89.8072400356045,2.7,18.6,"nhd_13344020"
37,45.3980701885508,"Amacoy Lake",-91.3141036328476,3.7,6.1,"nhd_13123946"
38,44.6741570867553,"White Lake",-88.4502240069725,1.1,3,"nhd_9029911"
39,46.179291601982,"Augustine Lake",-90.4606646378905,1.8,3,"nhd_13117608"
41,45.9095999886185,"Devils Lake",-92.3381469845521,4.1,7.3,"nhd_2266211"
43,43.4464693594854,"Lake Lenwood",-88.1629696672201,5.6,11.6,"nhd_12162818"
45,46.3896529069427,"Upson Lake",-90.43951264203,1.9,5.2,"nhd_1813543"
46,46.2760837686232,"Meder Lake",-90.6457692822679,1.9,3,"nhd_1813733"
47,46.2842145088729,"Lake Galilee",-90.5937916771806,3.3,6.1,"nhd_1813701"
48,46.2602647893222,"Pine Lake",-90.1404185769598,5,12.2,"nhd_1813727"
49,46.2635221815273,"Harris Lake",-89.8337598278548,7.5,17.4,"nhd_6791805"
50,43.6023278739951,"Mauthie Lake",-88.1817191939939,3.7,7,"nhd_12161226"
51,45.6777240747786,"Pine Lake",-88.9806192465102,3,4.6,"nhd_9022639"
53,43.6531176207363,"Kettle Moraine Lake",-88.2098119160071,1.8,9.1,"nhd_12161140"
54,43.8064811982333,"Crystal Lake",-88.0178033550041,5.8,18.3,"nhd_12176206"
55,45.170622429551,"Shay Lake",-88.2960082645668,3.9,10.7,"nhd_6808544"
56,45.0481862221259,"Montana Lake",-88.116114601608,4.2,7.6,"nhd_6819970"
57,45.1316897527039,"Bass Lake",-88.0507489314517,8.8,18.3,"nhd_6819874"
59,45.2550851954175,"Lake Noquebay",-87.905732779481,3,15.2,"nhd_6818344"
60,45.3044912131945,"Lake Mary",-87.8165337021135,2.5,10.1,"nhd_6818330"
61,45.9494888285874,"Quartz Lake",-88.9576206283446,2.7,4.6,"nhd_6842183"
62,43.8255855931263,"Elkhart Lake",-88.026959515138,13.7,36.3,"nhd_12176188"
63,43.8642846975768,"Wolf Lake",-88.2081402612575,5.4,14.3,"nhd_12176166"
64,45.6206568658776,"Young Lake",-88.0727571517833,2.4,6.1,"nhd_6842791"
65,44.045590768075,"English Lake",-87.7854386940428,11.5,27.4,"nhd_12173068"
66,44.1034797127839,"Bullhead Lake",-88.0369436846804,3.8,12.2,"nhd_12174574"
67,45.9470282423683,"Howell Lake",-88.9340751369111,3.6,4.6,"nhd_6842187"
68,45.9844491391516,"Kentuck Lake",-88.9997587997564,4,12.2,"nhd_14445790"
69,42.8010029092006,"Booth Lake",-88.4294880177766,3.5,6.1,"nhd_14767842"
71,42.7031064531921,"Eagle Lake",-88.1260875245295,1.7,3,"nhd_14767924"
72,42.8335321148861,"Lulu Lake",-88.4499332542156,6.4,12.2,"nhd_14767786"
73,43.0726823245219,"Pewaukee Lake",-88.3076217720829,4.1,13.7,"nhd_14767156"
74,43.1197359482445,"Pine Lake",-88.384532605396,11.6,25.9,"nhd_13290840"
75,43.0766660076231,"Silver Lake",-88.4931118378771,4.8,12.2,"nhd_13290942"
76,42.6043040275959,"Delevan Lake",-88.6143636759397,7.4,15.2,"nhd_13294928"
77,42.9662602879317,"Lake Kegonsa",-89.251708215242,5.1,9.1,"nhd_13296360"
78,43.0119570441989,"Lake Waubesa",-89.3261138332233,4.8,10.7,"nhd_120052351"
79,43.068589485714,"Lake Monona",-89.36251348179,8.2,21.3,"nhd_120052351"
80,43.0002010729659,"Lake Ripley",-88.9892304155281,5.5,13.4,"nhd_120052446"
81,43.0253029409711,"Hope Lake",-88.9840666025605,1.5,7.3,"nhd_13291034"
83,44.4260008714979,"Lilly Lake",-87.8524072595213,2.5,5.8,"nhd_12172926"
84,43.0454597237124,"Mud Lake",-88.9220006078317,2.4,6.1,"nhd_13282794"
86,43.4436752946042,"Lost Lake",-88.9689680840116,1.3,2.4,"nhd_13282356"
87,44.2958445417775,"Harpt Lake",-87.7341749985621,6,16.5,"nhd_12172970"
88,43.0995216499411,"Oconomowoc Lake",-88.4531208042043,9,18.3,"nhd_13290898"
89,43.1667314461362,"Lake Keesus",-88.3157388185694,4.9,12.8,"nhd_13290766"
90,43.1580297657506,"Ashippun Lake",-88.4727424701095,5.2,10.7,"nhd_13290786"
94,42.8760938428221,"Ludden Lake",-90.1988099641771,1.8,4.3,"nhd_13411474"
96,45.9440086407111,"Anvil Lake",-89.0638497199507,5.7,9.1,"nhd_13393597"
97,45.6346241007363,"Burrows Lake",-89.8578979770576,3.4,7.6,"nhd_13395043"
98,45.8699142693077,"Clear Lake",-89.6275582905723,9.4,29,"nhd_13393897"
99,43.4177969435824,"Devil's Lake",-89.732420645076,9.2,14.3,"nhd_13653704"
100,43.1134536597215,"Lake Mendota",-89.4245356010732,12.5,25.3,"nhd_13293262"
183,46.1860404916616,"Pine",-93.0776619796856,5,8.2,"nhd_2630828"
184,46.8297853979863,"Shumway",-93.1464132294425,3.9,7,"nhd_4839804"
185,46.5823030743044,"Sheriff",-93.1920445897822,6.5,24.4,"nhd_4852249"
186,46.7065042495821,"Minnewawa",-93.2578319406195,2.3,6.1,"nhd_4840066"
187,46.9286897889509,"Blackface",-93.2468632082537,1.1,5.4,"nhd_4839586"
188,46.9326107020478,"Ball Bluff",-93.2803758594006,8.1,23.1,"nhd_4839574"
189,46.8587610340716,"Boot",-93.2539029275445,5.9,20.4,"nhd_4839758"
190,46.8622903588859,"Cutaway",-93.2074530085417,3.3,7.3,"nhd_4839746"
192,46.9754425230953,"Vanduse",-93.2428980593508,2.6,8.2,"nhd_4839468"
193,46.7557884335047,"Big Sandy",-93.2847091897492,4.9,24.4,"nhd_167120397"
194,46.2204193372312,"Cedar",-93.4038549545986,2.4,5.5,"nhd_2360898"
195,46.4156310145223,"Sugar",-93.4739200440201,3.7,13.6,"nhd_4856051"
196,46.4870484727744,"Long",-93.4897919764035,10.3,35.7,"nhd_4855655"
197,46.5103957893204,"Dam",-93.4644236269771,5.5,14.5,"nhd_4852433"
198,46.6451390633176,"Gun",-93.5249565231875,3.8,13.4,"nhd_4852085"
199,46.6301878403873,"Fleming",-93.4990410976224,2.5,4.6,"nhd_4852141"
201,46.7345760829673,"Waukenabo",-93.6206335149886,4.7,11.2,"nhd_4851965"
203,46.9825776974045,"Hill (South Basin)",-93.5942094498908,2.8,7.3,"nhd_4839462"
204,46.4635567798495,"Ripple",-93.6699170064406,4.1,11.9,"nhd_4855703"
205,46.7378006552501,"Esquagamah",-93.6935179125584,3.5,9.4,"nhd_4851955"
206,46.3553706438176,"Big Pine",-93.7731236017226,6.4,23.8,"nhd_2360646"
207,46.4228798238495,"Farm Island",-93.7734663811317,5.3,15.6,"nhd_4855949"
208,46.5239352186557,"Bass",-93.7538782723424,3.6,11.5,"nhd_4852391"
209,47.0230746370934,"Holy Water",-93.7502113059681,5.9,17,"nhd_4835174"
210,46.3337693938213,"Round",-93.8037744703647,13.1,37.1,"nhd_2360694"
211,46.4995664355776,"Cedar(Main Basin)",-93.7919146695143,8.9,30.5,"nhd_120053244"
212,46.516831799087,"Cedar(N.E. Arm)",-93.7739333643614,3.5,6.7,"nhd_120053244"
213,46.4872408834581,"Cedar(West Bay)",-93.8243046215363,5.9,15.2,"nhd_120053244"
214,45.1239610606035,"Otter",-93.0400610584828,1.6,6.4,"nhd_1099068"
216,45.1633082517955,"Centerville",-93.0699566193243,3.3,5.8,"nhd_1098954"
217,45.3517889383022,"Linwood",-93.1099977898157,2.8,12.7,"nhd_2650216"
219,45.3071923736672,"Coon",-93.1651406719168,2,8.2,"nhd_1098396"
220,45.1384857116722,"Golden",-93.1535421930889,2.2,7.3,"nhd_1099038"
221,45.2558656611112,"Ham",-93.2218984049169,1.8,6.7,"nhd_1098628"
222,45.4035013008364,"Fish",-93.1666420913928,0.3,3,"nhd_2650134"
223,45.3562486351272,"George",-93.3366619169361,2.6,9.7,"nhd_2365854"
224,45.3347777716475,"East Twin",-93.502772584464,4,19.8,"nhd_2365942"
226,46.9430441437313,"Straight",-95.2675061636917,7,19.2,"nhd_4943477"
229,47.115827151062,"Bass",-95.3685055704279,3.4,7.6,"nhd_4939501"
230,46.8216588944978,"Wolf",-95.3873714017014,1.9,4.2,"nhd_4956852"
231,46.94496477426,"Shell",-95.4484171470803,2.2,4.9,"nhd_4943483"
232,46.8655074964615,"Toad",-95.4916743981233,5.5,8.8,"nhd_6654805"
233,47.1306311210189,"Juggler",-95.4592343054343,5.8,21.3,"nhd_6652311"
234,46.9303244617044,"Island",-95.53289015098,5.7,11.6,"nhd_6654581"
235,47.0375373542853,"Round",-95.5413425504522,6.7,20.8,"nhd_6652777"
237,47.0774778359574,"Many Point",-95.5386206995665,8.5,28,"nhd_6652551"
239,46.7905370417215,"Hungry",-95.6314147794324,2.8,14.5,"nhd_6655167"
241,46.8370924144809,"Little Toad",-95.5648005394982,6.9,19.8,"nhd_6654975"
242,46.8921500425566,"Height of Land",-95.6067402056714,2.3,6.4,"nhd_6654673"
243,47.0274523795006,"Waboose",-95.5834642456879,2.6,4.6,"nhd_6652845"
244,47.093880574216,"Little Bemidji",-95.5695153496615,7.9,15.2,"nhd_6652263"
245,46.9219881358728,"Tamarack",-95.6705843938591,1.7,4.9,"nhd_6654571"
248,46.8824491035593,"Cotton",-95.6977600668945,5,8.5,"nhd_6654733"
252,47.0031422596369,"Little Sugar Bush",-95.7749695948655,3.9,8.8,"nhd_120052132"
253,47.0708207864993,"Strawberry",-95.6996352277805,6.5,11.3,"nhd_7029583"
254,47.1283529760821,"White Earth",-95.7538182178993,7.9,34.2,"nhd_7029221"
255,46.970065795721,"Buffalo",-95.7921700504948,4.4,10.7,"nhd_6689649"
256,46.7173622113698,"Sauer",-95.8821378334255,5.1,11.9,"nhd_6655417"
257,46.7919578379665,"Munson",-95.8961846952044,4.1,7.9,"nhd_6655133"
258,46.780774166834,"Fox",-95.908271937822,2.6,7.3,"nhd_6655187"
259,46.7718049539622,"Sallie",-95.8963275332951,4.9,15.1,"nhd_6655199"
260,46.7823012633829,"Muskrat",-95.8772743774377,1.5,5.5,"nhd_6655201"
261,46.7532824065389,"Meadow",-95.8714469651069,7.4,21.9,"nhd_6655309"
262,46.7253287328278,"Mill",-95.9016460303376,1.2,3,"nhd_6655395"
263,46.7884341905342,"Detroit",-95.8343739315442,4.6,25,"nhd_6655119"
265,46.8747820779396,"Little Floyd",-95.8333496281942,4.1,9.4,"nhd_6654797"
266,46.8718492627432,"Floyd",-95.8561748467905,3.2,9.1,"nhd_6654769"
267,46.7195720643801,"Buck",-95.9193948413321,1.8,4.6,"nhd_6655407"
268,46.7433555802056,"Melissa",-95.899396297099,5.2,13.1,"nhd_6655307"
269,46.7747948490511,"Ellison",-96.0220230894101,1.9,7.3,"nhd_6653787"
270,46.7772459770817,"Pearl",-95.9403096004559,3.3,16.4,"nhd_6655203"
271,46.7493297979752,"Maud",-95.9831467147908,4.1,9.1,"nhd_6655293"
272,46.7388992255524,"Eunice",-95.9688471105425,4.1,9.1,"nhd_6655349"
274,46.8400161391468,"Marshall",-96.0351271569199,3.3,6.1,"nhd_6688313"
275,46.7979120394777,"Leif",-96.0415186911627,2.9,7.9,"nhd_6653685"
276,46.765557533759,"Big Cormorant",-96.0606441932316,8.7,22.8,"nhd_6653737"
277,46.8701241708857,"Boyer",-96.0488171653646,2.8,7.9,"nhd_6688217"
278,46.7289182410929,"Ida",-96.0987337883627,2.8,5.8,"nhd_6653905"
281,46.8217954889734,"Bijou",-96.1463063467208,3.1,8.2,"nhd_6653617"
282,46.8948026993163,"East LaBelle",-96.0745307657642,3.2,5.8,"nhd_6688149"
283,46.782347513705,"Turtle",-96.1725943193523,8.2,22.2,"nhd_6688477"
284,46.864499656603,"Sand",-96.1740796860385,4.3,8.5,"nhd_6688245"
287,47.4564434909541,"Andrusia",-94.6540010748056,7.2,16.8,"nhd_22326823"
288,47.4182525759476,"Windigo",-94.5680780951218,2.6,6.1,"nhd_22327033"
289,47.5077502842675,"Big",-94.622903095177,4.2,10.7,"nhd_120052892"
290,47.731987392953,"Blackduck",-94.6170792016964,4.5,8.5,"nhd_22190886"
291,47.4185693455875,"Wolf",-94.6893733690057,6.8,17.4,"nhd_22326997"
292,47.5766465029573,"Turtle River",-94.7112039804796,5.7,19.2,"nhd_22323015"
293,47.6713937471623,"Gull",-94.721759744737,3.4,8.8,"nhd_22321591"
295,47.5033832854589,"Bemidji (main lake)",-94.8479690147229,10.1,23.2,"nhd_167122125"
296,47.4602803413176,"Irving",-94.8841644356985,2.3,4.9,"nhd_22326861"
297,47.6184001073748,"Turtle",-94.8663965502786,3.9,13.7,"nhd_22321799"
298,47.6688935787195,"Julia",-94.8895218278324,4.9,12.2,"nhd_22321609"
299,47.4929661074672,"Grant",-95.0059048863725,8.3,28,"nhd_120052895"
300,47.7849501618313,"Dellwater",-95.0829080106908,2.3,8.8,"nhd_22193596"
301,47.4697421419636,"Moose",-95.17880081302,2.1,4,"nhd_22328177"
302,47.7328023128588,"Clearwater",-95.1867403767164,8.3,18.3,"nhd_7054479"
303,45.7042257642316,"Mayhew",-94.0954054725895,4,6.1,"nhd_2720651"
304,45.7268010069638,"Little Rock",-94.1684227726386,2.3,5.2,"nhd_4971777"
305,45.3560295076917,"Artichoke",-96.1358655001344,2.4,4.2,"nhd_4104123"
306,45.3210962411003,"Long Tom",-96.3579156578577,2.4,3.8,"nhd_4082938"
307,45.5614421643146,"East Toqua",-96.4436489347447,1.9,2.4,"nhd_6646370"
310,44.2328748633216,"George",-93.8706217468704,2.8,8.5,"nhd_4141184"
311,44.2108338298466,"Ballantyne",-93.833974830081,2.2,16.9,"nhd_4141210"
312,43.866808841963,"Lura",-94.0243733268119,1.5,2.7,"nhd_10597310"
313,44.0982564858929,"Loon",-94.1775374122445,1.3,2.1,"nhd_4141942"
314,44.108542557214,"Crystal",-94.2038986374766,2.2,3,"nhd_4141938"
315,44.2594220263944,"Clear",-94.5205511495836,1.5,2.3,"nhd_4046774"
316,44.3066621851978,"Sleepy Eye",-94.7343169571036,2.8,6.4,"nhd_4046678"
317,46.6720172865086,"Thomson Reservoir",-92.4037424104906,2.6,7.9,"nhd_1776146"
318,46.4470355543848,"Graham",-92.4594977648716,2.4,6.1,"nhd_1803657"
319,46.5363039867765,"Spring",-92.5239770133769,1.6,6.1,"nhd_1799781"
320,46.6236371193617,"Chub",-92.4592829011706,4.2,8.5,"nhd_1799681"
321,46.5992312236318,"Hay",-92.4636017416442,1.2,3,"nhd_1799707"
322,46.5359183138629,"Sand",-92.5525896737074,0.8,6,"nhd_1799779"
323,46.633422420499,"Bob",-92.6142659274928,4,7.6,"nhd_2625952"
324,46.6181249423846,"Park",-92.653208504239,1.9,4.4,"nhd_2625962"
325,46.7001212573683,"Big",-92.6299523594075,2.5,7.6,"nhd_1776060"
326,46.4979784420767,"Bear",-92.6757093127133,3.2,9.4,"nhd_120053212"
327,46.4824341296235,"Little Hanging Horn",-92.6779595271167,6.6,21.3,"nhd_2628374"
328,46.4778347537778,"Hanging Horn",-92.6944911471241,9.8,25.6,"nhd_2628378"
329,46.4761553085624,"Eddy",-92.7113322511611,2.9,11.1,"nhd_2628386"
330,46.4478729434826,"Moosehead",-92.7574329511548,3.1,5.5,"nhd_2628420"
331,46.4303683793732,"Echo",-92.7393674515258,6.2,14.3,"nhd_2628460"
332,46.6447943904466,"Eagle",-92.9179006051118,5.1,10.6,"nhd_4838962"
333,46.6853979411232,"Upper (North) Island",-92.8780991948232,2.7,7.5,"nhd_4838902"
334,46.6686344832381,"Lower (South) Island",-92.8778425445476,2.6,6.7,"nhd_4838926"
335,46.7236692584871,"Cross",-92.8921928919643,2.3,6.1,"nhd_4838866"
336,46.6568754958272,"Cole",-93.041788318151,3.3,7.3,"nhd_4840178"
337,44.8367824312923,"Riley",-93.522654291989,6.2,14.9,"nhd_2384766"
338,44.8770137964012,"Lotus",-93.5305295863223,3,8.8,"nhd_2384578"
339,44.8781233745744,"Minnewashta",-93.6052024898955,5.4,21.3,"nhd_1101942"
340,44.8713829979105,"Ann",-93.5599768050189,5.2,12.8,"nhd_2384614"
341,44.8873693808968,"Virginia",-93.6322153144472,2.9,10.3,"nhd_1101928"
342,44.8759349477951,"Schutz",-93.6457976246379,6.1,15.1,"nhd_1102008"
343,44.8366109450018,"Bavaria",-93.6408244077513,6.6,20.1,"nhd_2384776"
344,44.8830507110588,"Zumbra-Sunny",-93.6668990532225,3.6,17.6,"nhd_1101938"
345,44.8826221672411,"Parley",-93.7307675448086,1.9,5.5,"nhd_1103970"
346,44.8678213695822,"West Auburn",-93.6938750879077,7.6,25.9,"nhd_1102086"
347,44.8663715567688,"Steiger",-93.6588430283965,3.9,11.2,"nhd_1102088"
348,44.8418246422515,"Wassermann",-93.6737386766564,3,12.5,"nhd_1102284"
349,44.8384173882921,"Reitz",-93.748275660399,3.8,10.7,"nhd_2384758"
350,44.8322403430308,"Piersons",-93.6992645404721,5.4,12.2,"nhd_1102366"
351,44.8690212968123,"Waconia",-93.7853539317554,4,11.3,"nhd_2384576"
352,44.8154149916033,"Hydes",-93.8747642251492,3.1,5.5,"nhd_2384858"
354,44.8184784702837,"Smith",-93.982105393796,1.8,2.7,"nhd_2352794"
355,44.8089150610771,"Eagle",-93.9346661931966,2.3,4.4,"nhd_2352842"
358,47.1580552116697,"Sugar",-93.8384275488338,4.4,13.4,"nhd_22325161"
362,46.8304392151806,"Little Andrus",-94.0077928183777,4.1,7.6,"nhd_4619464"
365,46.9087055750451,"Bass",-93.95834599082,8.6,19.9,"nhd_4839632"
366,47.0621639237283,"Big Sand",-93.9732320781863,2.1,7,"nhd_4816421"
368,46.9911497679647,"Lower Trelipe",-94.0704775397004,3.8,9.8,"nhd_4821531"
369,47.3115689371612,"Six Mile",-94.1454838646908,6.4,20.7,"nhd_4817643"
370,47.4506920350781,"Winnibigoshish",-94.1862709873537,6.1,21.3,"nhd_120052896"
371,46.9411252959232,"Little Boy",-94.1893700517621,7.5,21.3,"nhd_4821857"
372,46.9135900152608,"Wabedo (North East Bay)",-94.2011814922677,6.4,15.2,"nhd_4822083"
373,46.9047969828747,"Wabedo (South West Bay)",-94.2326269119872,9.6,28.9,"nhd_4822083"
376,46.9802606411449,"Broadwater Bay",-94.2632001525156,4.7,14.3,"nhd_4821587"
377,46.9499853777945,"Woman (main lake)",-94.2886507031045,5.8,16.5,"nhd_4821587"
378,47.181167750995,"Leech (Main Basin)",-94.423269632856,4.9,41.1,"nhd_4817675"
379,47.1361157043143,"Leech (Kabekona Bay)",-94.6468318115084,8.1,29,"nhd_4819397"
380,47.343273274297,"Portage",-94.3117454953328,5.1,16.1,"nhd_4817559"
381,46.4940568766377,"Margaret",-94.3637883393351,3.3,7.9,"nhd_120053307"
382,46.8536616335477,"Hand",-94.3121872689405,5.1,17.3,"nhd_4619122"
383,46.8297310101784,"Ada",-94.3471392749701,6.4,18.3,"nhd_4619296"
384,46.9463988276592,"Child",-94.3422047636121,3.8,8.8,"nhd_4821889"
385,46.9195564036174,"Widow",-94.3326049942967,5.6,14.6,"nhd_4822055"
386,46.9092211689529,"Blackwater",-94.3043966258285,5.9,20.4,"nhd_4822095"
387,46.9088582378796,"Sand",-94.339793398165,0.3,2.2,"nhd_4822131"
388,46.9015270349146,"Sand",-94.3388929161612,6.4,16.5,"nhd_4822131"
389,46.9799618645862,"Barnum",-94.3262027681894,3.1,8.1,"nhd_4821665"
390,46.9729283829995,"Man",-94.3432665008736,10.6,26.8,"nhd_4821685"
391,46.9635487385506,"Baby",-94.3641340729684,6.9,21,"nhd_4821697"
392,46.9997516912651,"Hazel",-94.2880349471437,4.1,11.5,"nhd_120053111"
393,46.9927594741646,"Moccasin",-94.3634479221861,6,28.9,"nhd_120053110"
395,46.4479706706697,"Gull",-94.3572232695069,9.7,24.4,"nhd_167122172"
396,46.7388259639797,"Norway",-94.3988977528176,1.7,4,"nhd_4620138"
397,46.9559060699378,"Webb",-94.4139307456571,6.9,25.6,"nhd_4821741"
398,47.3298657581251,"Lower Sucker",-94.4266745320679,4.4,10.7,"nhd_4817601"
399,46.368417738215,"Pillager",-94.4777623712739,6,11.9,"nhd_4946469"
400,46.4265637518496,"Rock",-94.4745429568147,1.8,5.2,"nhd_4946323"
401,46.8792737107669,"Five Point",-94.4491471037453,5.2,11.3,"nhd_4618876"
402,46.8510883767336,"Horseshoe",-94.4738135482896,6.4,15.5,"nhd_4619130"
403,46.913605377947,"Pleasant",-94.4746435313568,6.7,21.3,"nhd_4821997"
404,47.0132463597883,"Hovde",-94.4487889998062,2.2,7.9,"nhd_4818973"
405,46.9977584016243,"Diamond",-94.4523026513388,3.2,9.4,"nhd_120053107"
406,46.8236912992721,"Pine Mountain",-94.5334827549981,6.3,23.8,"nhd_4619272"
407,46.9367139919922,"Birch",-94.548644618378,4.1,13.7,"nhd_4821881"
408,46.9707233184999,"Ten Mile",-94.5726173069757,15.7,63.4,"nhd_167122292"
409,47.3529319011283,"Pike Bay",-94.5687354571322,7.4,29,"nhd_22327155"
410,47.0100678023327,"Portage",-94.5533658134615,9.9,27,"nhd_4818975"
411,47.074317246304,"Long",-94.6026379253331,6.9,24.4,"nhd_4818363"
412,47.0908416325897,"May",-94.5936318965864,5.4,18.2,"nhd_4818325"
413,47.2916255579481,"Thirteen",-94.5497894730629,3.9,17.1,"nhd_4817711"
414,47.2784150929761,"Portage",-94.6001064447487,6.5,19.8,"nhd_4817745"
415,47.2428921510926,"Crooked",-94.5678024554309,6.3,22.5,"nhd_4817819"
416,46.940076190412,"Crystal",-94.6550142454348,2.9,12.5,"nhd_4821919"
417,47.2645704929702,"Steamboat",-94.6608131641736,11,27.4,"nhd_4817769"
418,47.3935206862059,"Little Wolf",-94.6663024571804,3.6,7.2,"nhd_22327081"
419,45.366340253713,"Chisago (north portion)",-92.8771583267731,3.6,8.2,"nhd_2646746"
420,45.3520974421018,"Chisago (south portion)",-92.8659944681222,1,2.4,"nhd_2646746"
421,45.3563279431014,"Kroon",-92.844713701345,2.5,9.1,"nhd_2646848"
422,45.3786155259863,"South Center",-92.8218659198734,5.1,32.1,"nhd_2646752"
423,45.3819640383505,"South Lindstrom",-92.8592336680793,4.7,10.3,"nhd_2646746"
424,45.4283386301673,"Sunrise",-92.8649233671932,1.1,6.4,"nhd_2646558"
425,45.4090949706633,"North Center Lake",-92.8293320104784,2.5,12.2,"nhd_2646606"
426,45.4131905093099,"Little",-92.7938875871883,3,7,"nhd_2646634"
427,45.3973205385827,"North Lindstrom",-92.8493865289715,4.9,8.8,"nhd_2646688"
428,45.3654563195106,"Green (Little Green)",-92.8979291752412,2.2,4.3,"nhd_2646820"
429,45.3398655448378,"Green (Main Basin)",-92.9037675413946,3.2,8.8,"nhd_2646854"
430,45.3211790647095,"Comfort",-92.9475446110969,5.8,14.3,"nhd_2646988"
431,45.3127288968661,"Little Comfort",-92.9366156198915,5.3,16.5,"nhd_2647036"
432,45.580615782856,"Fish",-93.0351418762418,5,14.8,"nhd_2645928"
433,45.6874387956001,"East Rush",-93.0443380277496,2.4,7.2,"nhd_2645826"
434,45.6882962718742,"West Rush",-93.0837711742062,3.8,12.2,"nhd_2645822"
436,45.6039031873471,"Mandall",-93.0849927117315,2.9,6.1,"nhd_2645898"
437,45.5973574893133,"Rabour",-93.0823483966824,3.4,12.9,"nhd_2645898"
438,45.6441447001942,"Goose (North Bay)",-93.076994761482,1.5,2.7,"nhd_2645864"
439,45.6253903635703,"Goose (South Bay)",-93.0787989304819,5.7,16.7,"nhd_2645876"
440,47.0110513184954,"Tilde",-96.1953109563831,2.6,4,"nhd_7026065"
441,46.7688383921236,"Fifteen",-96.226292364974,3.1,6.1,"nhd_6688509"
442,46.8621311007353,"Lee",-96.2503222849428,4.2,11,"nhd_6688267"
443,46.8310244189855,"Silver",-96.3334386764209,6.8,11.6,"nhd_6688369"
444,47.2936905918728,"Big LaSalle",-95.1723071153505,7.5,14.6,"nhd_22328303"
446,47.189171039555,"Elk",-95.2179714933035,10.2,29.6,"nhd_22328583"
447,47.2161774841459,"Itasca",-95.201086114745,4.9,13.7,"nhd_22328385"
448,47.4914380999321,"Walker Brook",-95.2991023522657,5.2,13.7,"nhd_7058199"
450,47.6830638904888,"Deep",-95.3982070596266,7.6,23.1,"nhd_7054925"
451,47.644727083705,"Lindberg",-95.4776189937265,2.6,5.8,"nhd_7055159"
454,47.999040826187,"Devilfish",-90.1017019132082,3.8,12.2,"nhd_120053263"
455,47.9847959660712,"Chester",-90.0831151673268,4.4,10.7,"nhd_4795348"
456,47.8700288203677,"Trout",-90.1727313725725,10.3,23.5,"nhd_4796306"
457,47.9993673067632,"Greenwood",-90.174587427669,9.7,30.8,"nhd_120053264"
458,48.0453778321109,"Alder",-90.2946876788537,8.7,21.3,"nhd_4793190"
459,47.8227953681007,"Devil Track",-90.4237375409646,7,15.2,"nhd_4796552"
460,47.9057802873516,"East Twin",-90.3907102257822,2.5,5.8,"nhd_4796068"
461,48.042496314144,"East Bearskin",-90.3633719944907,6.2,19,"nhd_4793178"
463,47.8736120550202,"Two Island",-90.4662984382901,2.3,7.6,"nhd_4796284"
464,47.9128533720379,"Ball Club",-90.4942340936885,2.9,8.2,"nhd_4796006"
465,48.0424214352936,"Aspen",-90.4117844495616,3.3,7.6,"nhd_4793282"
466,48.0582370023711,"Hungry Jack",-90.4357322844842,6.6,21.6,"nhd_4793092"
467,48.066667104942,"Bearskin",-90.4264898578442,10,23.7,"nhd_4793018"
468,48.0468435387439,"Poplar",-90.5092815301368,6.3,22.3,"nhd_4793182"
469,48.0691532924576,"Birch",-90.5344962265873,7.9,21,"nhd_4793024"
470,47.7655924183778,"Pike",-90.595906308661,6.4,12.2,"nhd_4796746"
471,47.7313256263881,"Deer Yard",-90.6035871726063,3.8,6.1,"nhd_4796786"
472,48.0028748675587,"Gaskin",-90.5485714757803,6.7,18.3,"nhd_120052207"
474,47.8675956006486,"Cascade",-90.6384042786792,2.4,5.4,"nhd_4796352"
475,47.8526949952172,"Little Cascade",-90.6497168445082,1.4,2.7,"nhd_4796460"
476,47.711271816985,"Caribou",-90.6596359922304,4,8.4,"nhd_4796804"
478,48.0779031095655,"Loon",-90.6920242425807,21.3,65.5,"nhd_7092807"
480,47.870692561552,"Alton",-90.9092663824235,6.9,21.9,"nhd_4796274"
481,47.5284629976645,"Dyers",-90.9808526038995,2.7,7,"nhd_4796876"
482,47.6907981434612,"Four Mile",-90.9694764053211,2.2,4.8,"nhd_4796846"
483,47.7194370937029,"Toohey",-90.9540181495332,1.4,3.1,"nhd_4796816"
485,48.0636606452149,"Gabimichigami",-91.0209574887708,22.4,63.7,"nhd_167201765"
486,43.9482906905481,"Mountain",-94.9484740898749,1.3,2.2,"nhd_2424487"
487,43.921177531067,"Bingham",-95.0469705137016,2.6,3.9,"nhd_2425387"
488,43.8793067883753,"Cottonwood",-95.0987127787047,2.5,4.1,"nhd_6580646"
490,46.3843913118543,"Bay",-93.8508200633278,6.5,21.3,"nhd_4856093"
491,46.3953907277911,"Clearwater",-93.914402119815,7.4,16.5,"nhd_4856075"
492,46.3659718328898,"Crooked (Sugar Bay)",-93.8983500742872,4.5,10.7,"nhd_4856151"
494,46.3573144773072,"Hanks",-93.9023198551255,6.7,13.7,"nhd_4856151"
495,46.3517928469551,"Portage",-93.9159716926448,5.5,11.3,"nhd_4856151"
496,46.1640577015039,"Platte",-93.9226783391471,2.3,7,"nhd_4970199"
497,46.4806653181354,"Serpent",-93.9283326885833,8.4,18.9,"nhd_4855685"
498,46.310599063773,"Upper South Long",-94.0390476512276,6.2,14.3,"nhd_4857623"
499,46.3783575888832,"Nokay",-93.9632336821547,5.4,12.8,"nhd_4856147"
500,46.2794829459944,"South Long",-94.0860094024196,6.6,14.3,"nhd_4857683"
501,46.3799204924911,"Rice",-94.1663117588849,4.2,7,"nhd_4857427"
502,46.2363913758144,"Crow Wing",-94.3396974047771,3.9,7.9,"nhd_4857807"
503,46.6640433496528,"Ross",-93.8371264784785,3.5,9.4,"nhd_4616876"
504,46.6645715119423,"Rogers",-93.896762433144,6.4,19.5,"nhd_4852063"
505,46.7400218169582,"Mary",-93.9163594103043,5.1,10.4,"nhd_4616658"
506,46.7246772792967,"Emily",-93.9462728409575,2.4,4,"nhd_4616696"
507,46.7954707036795,"Allen",-93.9954662153832,5,12.8,"nhd_120053304"
508,46.7492266524487,"Ruth",-93.9527966321591,5.7,11.7,"nhd_4616624"
509,46.7230936820432,"Trout",-93.9774783986547,3.3,6.7,"nhd_4616726"
510,46.6906726208821,"Goodrich",-94.0300987449226,3.6,10.6,"nhd_4620406"
512,46.6817712830611,"O'Brien (Northeast Bay)",-94.0329491559405,6.5,14.9,"nhd_4620448"
513,46.55297985381,"Upper Mission",-94.0729052264769,6,11,"nhd_4854979"
515,46.5817978770258,"Horseshoe",-94.1151877628124,3.7,16.7,"nhd_4621002"
516,46.639324721285,"Pine",-94.1027777741122,1.2,5.2,"nhd_4620718"
518,46.7135444311858,"Loon",-94.1279129291884,3,9.1,"nhd_4620258"
519,46.7090525235071,"Island",-94.1348427599929,6.2,21.3,"nhd_4620258"
520,46.6969669572246,"Hen",-94.1381032935192,5.6,15.8,"nhd_4620258"
521,46.6897540465317,"Daggett",-94.090673204369,3.4,7.6,"nhd_4620258"
522,46.6696508011516,"Pleasant",-94.1405923985786,8.7,20.8,"nhd_4620540"
523,46.6603454831956,"Velvet",-94.0438934163883,4.1,8.8,"nhd_4620600"
524,46.7130857313525,"Ox",-94.1161555932116,5,21.3,"nhd_4620286"
525,46.7712280891259,"Kego",-94.0852337760739,3.3,6.1,"nhd_4619984"
526,46.7772572315672,"Mitchell",-94.0474682767182,9.3,23.7,"nhd_4619930"
527,46.7560139104056,"Eagle",-94.0485560911396,4.8,10.7,"nhd_4620090"
528,46.7450640154843,"West Fox",-94.0933609058347,7.1,16.8,"nhd_4620142"
529,46.7454510122582,"East Fox",-94.0772126075007,5.7,19.8,"nhd_4620142"
530,46.7253093861653,"Little Ox",-94.1176751048933,7.5,18.3,"nhd_4620256"
531,46.5084622183108,"Edward",-94.159527741063,5,22.7,"nhd_167122174"
532,46.5739815562183,"Pelican",-94.1751575359688,6.7,31.7,"nhd_4620890"
533,46.6918738816617,"Whitefish",-94.2141097674432,10.6,41.6,"nhd_4620258"
534,46.6934479083984,"Rush",-94.141000128344,6.6,30.5,"nhd_4620258"
535,46.667967081226,"Cross Lake Reservoir",-94.1335611012943,8.8,24.4,"nhd_4620258"
536,46.7157544641455,"Big Trout",-94.1575525895856,14.7,36.6,"nhd_4620258"
537,46.4786268726254,"Gladstone",-94.2396905697835,3.5,11,"nhd_4946219"
539,46.675700729159,"Pig",-94.1841865697119,7.3,17.1,"nhd_4620258"
540,46.6633355213943,"Bertha",-94.252687678529,8.5,21.3,"nhd_4620258"
541,46.6686169991829,"Clamshell",-94.2302143088637,2.5,12.2,"nhd_4620258"
542,46.6537660262104,"Kimball",-94.2020690531618,8.9,23.5,"nhd_4620652"
543,46.6454924224269,"Clear",-94.232510977551,9.5,19.2,"nhd_4620676"
544,46.7153210606986,"Arrowhead",-94.216797584382,1.1,3,"nhd_4620258"
545,46.3395175918533,"Perch",-94.2657294026398,4.5,12.8,"nhd_4857571"
546,46.439320213678,"North Long",-94.2407189000289,4.7,27.4,"nhd_4946253"
547,46.4578837114157,"Round",-94.2814604942325,5.6,15.5,"nhd_4946249"
548,46.4870627389157,"Hubert",-94.2691134888121,7.7,24.7,"nhd_4946183"
549,46.5663123695526,"Upper Cullen",-94.2561990049916,4.1,12.2,"nhd_4942009"
550,46.5537521264022,"Middle Cullen",-94.2658619244518,6.1,14,"nhd_4942039"
551,46.6694578107979,"Lower Hay",-94.2836235962775,14.9,30.5,"nhd_4620258"
552,46.3518535653581,"White Sand",-94.2870600646024,3,7.9,"nhd_4946503"
553,46.3731094431616,"Red Sand",-94.289375540166,1.1,4.7,"nhd_4946451"
554,46.3704732326363,"Upper Whipple",-94.3100873808415,0.1,1.1,"nhd_4946471"
555,46.3615477702283,"Middle Whipple",-94.3067682244973,2.7,8.8,"nhd_4946489"
556,46.3518198750721,"Lower Whipple",-94.3185151065715,0.3,2.3,"nhd_4946509"
557,46.5388676268101,"Lower Cullen",-94.291161955043,5.8,11.9,"nhd_4942039"
558,46.6432309030788,"Upper Hay",-94.3024535343041,5.1,12.8,"nhd_4620672"
559,46.4531651245496,"Sagamore Mine",-94.0544231231334,18.4,63.4,"nhd_4857221"
560,44.5152759086561,"Byllesby",-92.9763069393524,3.2,15.2,"nhd_167578173"
561,44.7216385335387,"Crystal",-93.2670683934113,2.9,11.3,"nhd_1876481"
562,44.7004503437056,"Orchard",-93.3089597576853,2.9,10.1,"nhd_2385502"
564,45.8508112794348,"Smith",-95.2478564834202,4.2,9.1,"nhd_4980374"
565,45.8172629957878,"Union",-95.3422955392524,4.8,13.7,"nhd_4966837"
566,45.8486996166545,"Burgen",-95.3435247615004,7.3,13.1,"nhd_4966769"
567,45.9022460590226,"Henry",-95.3758250358655,4.2,9.7,"nhd_4966667"
568,45.9007787390264,"Geneva",-95.328533038887,6.2,19.2,"nhd_4966645"
569,45.8944198491039,"Agnes",-95.3748728847566,4.9,9.4,"nhd_4966667"
570,45.9279610228265,"Le Homme Dieu",-95.3537644785411,6.2,25.9,"nhd_4966599"
571,45.9642918020496,"Carlos",-95.3569493777794,14.3,48.5,"nhd_4966535"
572,46.0610677069276,"Irene",-95.3072059570204,6,13.4,"nhd_4964681"
573,45.7769672053083,"Maple",-95.3720543316966,6.8,23.7,"nhd_4413176"
574,45.9192513196423,"Darling",-95.3963684463984,5.7,18.9,"nhd_4966619"
575,46.0383304375165,"Miltona",-95.3752065665709,7.2,30.5,"nhd_4964689"
576,45.819995472202,"Andrew",-95.418778632676,8.6,24.4,"nhd_4966827"
577,45.7744775649495,"Turtle",-95.4023966390606,2,5.8,"nhd_4413218"
578,45.8288731141887,"Mary",-95.4831234739772,4.2,9.1,"nhd_4966777"
580,45.9077148805008,"Stony",-95.4267482204635,3.9,17.2,"nhd_4966653"
581,45.9049237550167,"Brophy",-95.4422080247391,4.4,12.2,"nhd_4966651"
582,45.8997398262471,"Cowdrey",-95.4169820970303,6.7,15.8,"nhd_4966669"
583,45.9011674644277,"Lottie",-95.4290539303238,1.8,8.7,"nhd_4966653"
584,45.8934229203489,"Mina",-95.4755441916581,9.8,37.5,"nhd_4966677"
585,45.9435713662184,"Charley",-95.4047573909768,2.4,9.8,"nhd_4966583"
586,45.9882570141419,"Ida",-95.421410157568,8.6,32.3,"nhd_167120719"
588,45.8803341420089,"Lobster (West Bay)",-95.5422032513881,3.9,9.4,"nhd_4966721"
589,45.9971982816693,"Chippewa",-95.5420336388755,6,27.4,"nhd_4412412"
590,45.825881512559,"Blackwell",-95.5572592811405,3.9,12.5,"nhd_4966807"
591,45.8145754358865,"Echo",-95.5470413727371,3.3,12.2,"nhd_4966835"
592,45.7940569893476,"Freeborn",-95.6167004409992,3.3,5.5,"nhd_4413122"
593,45.998908328155,"Little Chippewa",-95.59343910796,3.9,7.8,"nhd_120052062"
594,45.9908967224497,"Devils",-95.5758947968255,3.3,10.7,"nhd_4412416"
595,45.972613786864,"Whiskey",-95.5753180122167,5.6,14,"nhd_4412482"
596,46.061207173333,"Moses",-95.5991997294698,5.1,9.8,"nhd_4411926"
597,45.993361237747,"Stowe",-95.6296159467274,2.3,4.3,"nhd_4412410"
598,46.0768057117826,"Ina",-95.7234696472306,4.5,14.6,"nhd_4099949"
599,43.8192562120104,"Bass",-94.0791699812039,3,6.1,"nhd_10597314"
600,43.7930862035686,"Geneva",-93.2737225073173,0.2,1.3,"nhd_7014901"
601,43.658831048193,"Fountain (East Bay)",-93.3739126433006,1.7,4.3,"nhd_6558619"
602,43.6656364069506,"Fountain (West Bay)",-93.3927327357997,1.6,2.4,"nhd_6558627"
603,43.6793695063285,"School Section",-93.4190043132299,0.6,1.2,"nhd_6558621"
604,43.6726828034414,"Morin",-93.5776371671543,1.3,1.8,"nhd_2747608"
606,46.0601445249877,"Pelican",-95.7986663508242,2.7,6.4,"nhd_4099945"
607,45.9062899260406,"Thompson",-95.8100752362261,4.1,6.7,"nhd_4412654"
608,45.8667454009499,"Elk",-95.8037740000666,3.9,8.5,"nhd_4412848"
609,45.9198546068858,"Barrett",-95.882396767733,2.5,8.5,"nhd_4102293"
610,46.0213363884149,"Pomme de Terre",-95.881489231045,2.2,7,"nhd_120052016"
611,44.9219795207754,"Harriet",-93.3053764321783,9.8,26.4,"nhd_1101754"
612,44.9207726003018,"Hiawatha",-93.2360054335299,4.1,9.4,"nhd_1101778"
613,44.9087154764191,"Nokomis",-93.2423638755017,4.1,10,"nhd_1101812"
614,44.9420915335137,"Calhoun",-93.3120277236153,10.1,27.4,"nhd_1101684"
615,44.9815163650833,"Wirth",-93.323389932733,3.5,7.6,"nhd_1101544"
617,44.9596707764857,"Cedar",-93.3213948700041,6,15.5,"nhd_1101616"
618,44.8360958557831,"Bush",-93.3833892041545,3.8,8.5,"nhd_2384748"
619,44.9531242218339,"Hannan",-93.3956023196456,1,1.8,"nhd_1101666"
620,44.8787667422162,"Bryant",-93.4291853262294,4.4,13.7,"nhd_2384584"
621,44.8628893624731,"Smetana",-93.4125472970314,1.2,3.7,"nhd_2384650"
622,44.8373416117303,"Staring",-93.455004529032,2,4.9,"nhd_2384778"
623,45.0093646204689,"Medicine",-93.4211627662278,4.8,14.5,"nhd_120052022"
624,44.9934778447198,"Parkers",-93.4717167878251,3.4,11.3,"nhd_1101492"
625,45.109880586041,"Weaver",-93.503235645219,6.4,17.3,"nhd_1099136"
626,45.0932351221947,"Fish",-93.4638153913122,6.2,18.6,"nhd_1099172"
627,44.9293442151489,"Minnetonka",-93.5947703023148,6.9,31.2,"nhd_1101590"
628,44.896140647794,"Christmas",-93.543202950289,11.4,28.8,"nhd_1101864"
629,44.9888664148024,"Long",-93.5564003472305,4.2,10.7,"nhd_1101514"
630,44.9930407507988,"Classen",-93.6052305761486,1,1.4,"nhd_1101498"
631,45.1903860393184,"Sylvan",-93.6114836742248,2,4,"nhd_4250374"
632,45.0318652320415,"Independence",-93.648942024805,4.8,18.2,"nhd_2349188"
633,44.9445186972528,"Dutch",-93.6811117170148,4.4,13.1,"nhd_1101690"
634,45.067374192378,"West Sarah",-93.6909245291383,3.8,17.7,"nhd_4250586"
635,45.0578296210307,"East Sarah",-93.6661070220434,4.5,15.9,"nhd_4250586"
636,45.1107861415029,"Unnamed",-93.7056126716628,1.2,1.7,"nhd_4250528"
637,45.0945993485513,"Hafften",-93.6783333936839,3.8,13.3,"nhd_4250554"
639,44.9104138214514,"Highland Park Pond",-93.3677214797563,0.7,1.3,"nhd_1101826"
640,46.9778474353408,"Ninth Crow Wing",-94.7701869546114,6.1,19.8,"nhd_4940775"
641,47.0113500471575,"Eleventh Crow Wing (Main)",-94.7338816028323,10.2,24.4,"nhd_4936921"
642,47.0223535891806,"Eleventh Crow Wing (East)",-94.7073281716777,7.1,16.8,"nhd_4936887"
643,46.9891608277462,"Tenth Crow Wing",-94.754338818193,4,12.2,"nhd_4940713"
644,47.1390371052471,"Benedict",-94.6924224584991,10.4,27.7,"nhd_4818135"
645,47.2246074515426,"Garfield",-94.7472829819824,4.3,10.7,"nhd_4817823"
646,47.4081101512073,"Grace",-94.7453914369509,5.6,12.8,"nhd_22327043"
647,46.9596173115654,"Eighth Crow Wing",-94.7917298133898,5.6,9.1,"nhd_4940775"
648,47.1668427212979,"Kabekona",-94.7574557554108,15.3,40.5,"nhd_4817931"
649,46.8622459092051,"Third Crow Wing",-94.8577014601168,3.5,9.1,"nhd_4940999"
650,46.8751745765116,"Fourth Crow Wing",-94.8633365332231,1.5,3,"nhd_4940999"
651,46.8378967122289,"Second Crow Wing",-94.8725005277951,4.4,10.7,"nhd_4940999"
652,46.8359522395783,"First Crow Wing",-94.8433667644962,1.6,4.6,"nhd_4941153"
654,46.9681557108436,"Shallow",-94.8764241537318,1.3,3.1,"nhd_4940805"
655,46.9696679280869,"Deer",-94.8619454221283,0.8,1.5,"nhd_4940799"
656,46.9437505667409,"Seventh Crow Wing",-94.8290487303371,5.3,12.2,"nhd_4940871"
657,46.920043255226,"Fifth Crow Wing",-94.8920039117611,4.4,10.7,"nhd_4942465"
658,46.9283337150187,"Sixth Crow Wing",-94.8636636364973,4.9,10.7,"nhd_4942465"
660,47.0283320072001,"East Crooked",-94.8247701907979,11.4,29.3,"nhd_4936819"
661,47.0272533961468,"Middle Crooked",-94.8516857143553,1.7,10.1,"nhd_4936823"
662,47.0362554825323,"West Crooked",-94.8796514939309,5.4,15.2,"nhd_4936761"
663,47.0279956668166,"Dead",-94.9054164954612,5.1,10.4,"nhd_4936833"
664,46.9965506446894,"Spider (NE/SW Bay)",-94.8518465430865,3.3,29.3,"nhd_120053298"
665,46.9957980156531,"Spider (East Bay)",-94.8430232379014,7.5,20.1,"nhd_120053298"
666,46.808547078071,"Duck",-94.9060913352733,4.2,7,"nhd_4941267"
668,46.9716328899567,"Round",-94.9116798558864,0.5,5.7,"nhd_4940809"
670,47.0423957621015,"Upper Bottle",-94.9274226548067,6.2,16.8,"nhd_4936699"
671,47.0241378137125,"Ojibway",-94.9157700528713,2.9,6.7,"nhd_4936833"
672,46.9904757561648,"Little Sand",-94.9324184660994,7.6,24.4,"nhd_120053297"
673,47.0690725376002,"Mantrap (East Basin)",-94.8992846014896,5.7,20.7,"nhd_4936611"
674,47.0775547934281,"Mantrap (Middle Basin",-94.917369928978,3.4,10.6,"nhd_4936611"
675,47.0650390427116,"Mantrap (Mirror Bay)",-94.9253970507595,0.9,1.8,"nhd_4936611"
677,47.0601902634224,"Mantrap (Home Bay)",-94.9318566321695,4.6,16.1,"nhd_4936611"
678,47.388444398127,"Plantagenet",-94.9256043635334,7.2,19.8,"nhd_22327057"
679,46.8082785136546,"Upper Twin",-95.0268551014159,1.3,2.7,"nhd_4944293"
680,46.8862106549539,"Long",-94.9997775022035,11.3,39.3,"nhd_167122173"
681,46.9681043884615,"Boulder",-94.9270630741455,4.7,8.5,"nhd_4940811"
682,46.9814732452788,"Ida",-94.9547484281335,3.9,12.5,"nhd_4940755"
683,47.0468687138022,"Stocking",-94.9523140614671,3.6,7.6,"nhd_4936683"
684,47.0389036836565,"Pickerel",-94.994485707333,2,7.9,"nhd_120053276"
685,47.0285927930242,"Lower Bottle",-94.9473880995177,8.2,35,"nhd_4936699"
686,47.01800525359,"Blue",-95.0041789951979,11,25.6,"nhd_120053275"
687,46.9999606421839,"Big Sand",-94.9683028806951,13.3,41.1,"nhd_167122169"
688,47.017461992987,"Emma",-94.9470474813248,6.3,15.2,"nhd_4936901"
689,47.0049378831754,"Gilmore",-94.9318866544528,6.3,16.5,"nhd_4936963"
690,47.1920133307935,"George",-94.9771545838105,3.7,8.8,"nhd_22327369"
691,46.9564157400583,"Fish Hook",-95.0641624450336,8.1,23.2,"nhd_4945805"
692,46.9990788727145,"Potato",-95.0498884046237,8.3,26.5,"nhd_120052135"
693,46.9658563106933,"Portage",-95.1235886012196,2.5,4.4,"nhd_4943453"
698,47.1855409520225,"Mary",-95.1673760090588,5.6,12.5,"nhd_22328637"
699,47.2574235890869,"Beauty",-95.0499410310926,0.2,2.6,"nhd_22328351"
701,46.8665344424822,"Brush",-95.1572707986813,1.9,5.2,"nhd_4943951"
702,47.1151701041247,"Little Mantrap",-95.1637996599471,4.3,16.5,"nhd_4939497"
703,45.5739661926138,"Skogman",-93.1539227223098,4,11,"nhd_2362364"
704,45.5416209335454,"Florence",-93.2243819122248,2.1,7.6,"nhd_2362460"
705,45.5542061519446,"Fannie",-93.1835365602826,2.5,9.1,"nhd_2362414"
706,45.6340390627517,"Little Stanchfield",-93.2339648881909,1.7,3.7,"nhd_2362216"
707,45.4752210702409,"Long",-93.3458217460137,1.5,3,"nhd_2365408"
708,45.7220283563913,"Lory",-93.3578621630134,1.9,4.6,"nhd_2362106"
709,45.4882516462847,"Blue (North Bay)",-93.4935721772832,1.5,3.4,"nhd_2365392"
710,45.4734747055989,"Blue (South Bay)",-93.5020190466065,4.5,9.1,"nhd_2365392"
712,45.6396166279096,"South Stanchfield",-93.4711367567354,2.4,5.2,"nhd_2362192"
714,47.2266772212823,"Beauty",-93.0818526230356,3.4,9.8,"nhd_1773974"
716,47.3048320344381,"Swan (Main Basin)",-93.1746201678091,12.1,19.8,"nhd_4834066"
717,47.1264240369691,"Shallow",-93.3006689839963,6.9,25.9,"nhd_4834832"
718,47.669339353723,"Bear",-93.2671395255321,3.3,4.9,"nhd_7176034"
719,47.7914093884994,"Thistledew",-93.24478187468,6.7,13.7,"nhd_7175584"
720,47.3070766442371,"North Twin",-93.3182188657329,5.5,12.5,"nhd_4834120"
721,47.2986300217941,"South Twin",-93.3221799099479,5.4,12.2,"nhd_4834120"
723,47.8289934791985,"Battle",-93.3415430725896,2.5,4.5,"nhd_22237688"
724,47.2601234571338,"Trout",-93.4048842062383,14.3,42,"nhd_4834232"
725,47.4691192505229,"Snaptail",-93.3760581766688,6,20.7,"nhd_4833248"
727,47.8606512006319,"Little Bass",-93.3594088370566,5.7,25.7,"nhd_22237618"
728,47.8377455193374,"Deer",-93.3794595714836,2.6,15.2,"nhd_22237644"
729,47.0596104847676,"Split Hand",-93.4845478184017,4.5,9.1,"nhd_4835034"
730,47.1444116112981,"Hale",-93.4652945678733,2.8,17.7,"nhd_22325225"
731,47.2461060467957,"Hale",-93.5482002109315,8.5,17.4,"nhd_4834390"
733,47.4255748753092,"Wabana",-93.5240753726708,7.8,35.1,"nhd_4833388"
734,47.420371734358,"Bluewater",-93.5536770522765,14.7,36.6,"nhd_4833508"
735,47.4004405098995,"Little Wabana",-93.4915489320338,8.8,17.4,"nhd_4833664"
736,47.4616065022771,"Trout",-93.5545312127015,13.4,47.8,"nhd_4833160"
737,47.5184068535224,"Ruby",-93.5533297604561,9.7,26.8,"nhd_22238714"
738,47.6089404431963,"Eagle",-93.4768193795199,4.7,12,"nhd_22238374"
739,47.7080709575038,"Coon-Sandwick (Sand)",-93.5579304836951,1.8,6.2,"nhd_22237876"
741,47.1883211802768,"Pokegama (Wendigo)",-93.5981305035562,10.9,33.5,"nhd_22324969"
742,47.041931629139,"Dinner Pail",-93.5990376827183,4.6,9.5,"nhd_4835124"
743,47.1566226379724,"Siseebakwet",-93.6704559413281,12.9,32,"nhd_22325169"
744,47.1454383827867,"South Sugar",-93.6818732785915,4.9,9.1,"nhd_22325215"
745,47.2417528839168,"Little Jay Gould",-93.6129118014144,4.6,17,"nhd_22326037"
746,47.2860080969064,"Little Bass",-93.6005771091797,6.9,19,"nhd_22324833"
747,47.3129090188385,"Bass",-93.6516265520932,6.3,23.2,"nhd_22326017"
749,47.5536347586807,"North Star",-93.6661370713466,7.8,26.9,"nhd_22238524"
750,47.5788228929095,"Little North Star",-93.6668432202378,4.2,13.1,"nhd_22238514"
751,47.5701988487473,"Big Island",-93.5945478327475,2.7,13,"nhd_22238532"
752,47.3808149105782,"Deer",-93.6637638968174,12.4,30.8,"nhd_22324571"
753,47.3969115501758,"Moose",-93.6916509994563,5.7,18.6,"nhd_22324537"
755,47.3666870784257,"Chase",-93.7387914525378,11.1,28.6,"nhd_22324645"
756,47.4929848663278,"Little Bowstring",-93.7268984480582,5,10.1,"nhd_22242494"
757,47.6478078435476,"Maple",-93.7215198077824,5.2,11.9,"nhd_22238196"
758,47.1527703351275,"No-ta-she-bun",-93.7725159091621,6.9,13.7,"nhd_4834720"
759,47.6096640007581,"Little Turtle",-93.7635017027939,4,9.1,"nhd_22238368"
760,47.5863663737133,"Jessie",-93.8186183761761,6.9,12.2,"nhd_22238394"
761,47.3595263049259,"Ball Club",-93.9433066689441,11.9,24.4,"nhd_22324575"
762,47.5359849633848,"Bowstring",-93.9162761677127,4.4,9.7,"nhd_22238534"
763,47.4170671816561,"Little Winnibigoshish",-94.0247235787998,5,9.1,"nhd_22327031"
764,47.5978504864034,"Alice",-94.1565422562214,8.5,18.3,"nhd_22241252"
765,47.830580678346,"Moose",-94.1648116064415,7,17.8,"nhd_22240168"
766,47.8140393673932,"Island",-94.2363172933758,4.7,10.7,"nhd_22240208"
767,43.8452410787793,"Fish",-95.0464514200873,4.5,8.6,"nhd_2425487"
768,43.5341764456085,"Loon",-95.0969282687761,1.1,1.8,"nhd_14618626"
769,43.6267790948507,"Clear",-95.0842031297665,2.3,3,"nhd_14618592"
770,43.5586393763552,"Round",-95.4351259412915,1.6,2.1,"nhd_14618616"
771,46.0150470547666,"Pomroy",-93.1800072314992,1.5,3.4,"nhd_2637344"
772,45.8976844427196,"Quamba",-93.1739190927672,1.6,3.4,"nhd_2639404"
773,45.9746784676183,"Knife",-93.3018577987866,2.6,4.3,"nhd_167114208"
775,45.9142919574503,"Ann",-93.4019684414144,2,5.2,"nhd_4971103"
776,45.0796462417966,"Ella",-94.813573904649,1.3,3.4,"nhd_2350690"
777,45.1830835918709,"Diamond",-94.842955015048,4.8,8.2,"nhd_4251740"
778,45.2733015415946,"Calhoun",-94.8325943320931,1.2,3.8,"nhd_4251580"
779,45.3259955225625,"Long",-94.8669008457432,5,13.7,"nhd_4251456"
780,44.9634796622332,"Lillian",-94.8751449594763,0.7,2.1,"nhd_2354176"
781,45.2517971784093,"Green",-94.9043628670323,8.2,33.5,"nhd_4251588"
782,44.9953310293637,"Big Kandiyohi",-94.9461132574317,3.7,5.5,"nhd_120051923"
783,45.21132498584,"Elkhorn",-94.9424164140087,5.2,12.2,"nhd_4251698"
784,45.2426317572643,"George",-94.9839240116704,4.8,9.7,"nhd_4251632"
785,45.2603014813836,"Nest",-94.9606108342608,4.2,12.2,"nhd_4251590"
786,45.0597416218094,"Wakanda",-94.9931747907676,2.1,4.3,"nhd_120053182"
787,45.2282826976808,"Ringo",-95.0131129047606,1.3,2.1,"nhd_4120250"
788,45.2018491202114,"Long",-95.0350692142366,2.9,4.9,"nhd_4120278"
789,45.3107667055003,"Andrew",-95.0425538242431,5,7.9,"nhd_4415554"
790,45.2517766732547,"Florida",-95.0558075801449,5.7,9.1,"nhd_4415632"
791,45.332925869701,"Games",-95.100628895979,4.2,12.2,"nhd_4415510"
792,45.318927864522,"Norway",-95.1177933502323,1.9,9.3,"nhd_4415506"
793,45.2675228052597,"Swenson",-95.1386365704149,2.8,4.3,"nhd_4415600"
795,47.9562799195473,"Dark",-94.0932346345021,3.5,15.2,"nhd_22190078"
797,45.1280170372869,"Lac Qui Parle (N.W. Bay)",-96.0185058353543,1.3,3,"nhd_9371290"
798,47.6270521314347,"East",-91.0401713131873,2.6,5.5,"nhd_4802064"
800,47.6093153566381,"Crooked (West Bay)",-91.0818467477469,0.3,1.6,"nhd_4802118"
801,47.5870884091057,"Echo",-91.0658538588494,8.5,18.6,"nhd_4802220"
802,47.5788193669981,"Ninemile",-91.0822193711145,1,12,"nhd_4802228"
803,47.6711369378059,"Wilson",-91.0744190171496,5.9,16.2,"nhd_4801856"
805,47.7096787802224,"Whitefish",-91.0408352543464,4.7,12.7,"nhd_4801688"
806,47.7357543449714,"Windy",-91.0743792761968,4.9,11.9,"nhd_7108869"
807,47.731643029498,"Silver Island",-91.1354470689152,2.1,4.7,"nhd_7108851"
808,47.7989247583409,"Perent",-91.1394392823083,2.7,11.5,"nhd_7108481"
809,47.9793202048819,"Beaver",-91.1583229492713,7.2,23.1,"nhd_7107351"
810,47.6084964217127,"Divide",-91.2537312691111,3.3,6.7,"nhd_4802140"
811,47.952836957508,"Amber",-91.1826175096415,3.7,8.2,"nhd_7107581"
812,47.9891150197961,"Thomas",-91.2360828716747,8.2,33.5,"nhd_167201747"
815,47.812609755489,"Isabella",-91.2924231771106,2.7,5.5,"nhd_7108425"
816,47.3456803812908,"Lax",-91.2989936816667,3.1,9.3,"nhd_1754416"
817,48.0023324350896,"Ahsub",-91.3430750748346,8.4,23.8,"nhd_120052219"
818,47.9843284308992,"Snowbank",-91.4192974536259,14.4,42.7,"nhd_120052221"
819,47.4352464244934,"Cloquet",-91.4897350922153,0.7,2.1,"nhd_1790219"
820,47.6880019532707,"Gander",-91.5079227193444,0.7,1.5,"nhd_7109079"
821,47.6540616903975,"Gegoka",-91.4751433305332,1,2.1,"nhd_7109203"
822,48.0134673068881,"Wind",-91.5356198898127,3.4,9.8,"nhd_7096335"
823,47.5203316380329,"Greenwood",-91.632271179992,1.4,2.1,"nhd_167201754"
824,47.7072202223281,"Dunnigan",-91.631270681706,2.1,4.3,"nhd_7108985"
825,47.6397099405015,"North McDougal",-91.548645636492,2,4,"nhd_7109255"
826,47.7612959094058,"August",-91.6130074762561,2.3,5.8,"nhd_7108791"
827,47.9577938699302,"Glacier Pond 1",-91.5703988382368,2.3,8.2,"nhd_7107615"
828,47.5844398240901,"Sand",-91.6694053932111,1.7,3,"nhd_7109389"
829,47.1871755328822,"Stewart",-91.7528794133712,2,6.1,"nhd_1754698"
830,47.238592692077,"Thomas",-91.7065253356577,2.7,4.6,"nhd_1790475"
831,47.8913408044187,"South Farm",-91.6920400112462,4.3,9.1,"nhd_7107795"
832,47.8992250725905,"Farm",-91.7291695475097,5.9,16.5,"nhd_7107795"
833,47.923013210818,"Garden",-91.7470493040397,4.7,16.8,"nhd_7107795"
836,44.2275003834905,"Upper Sakatah",-93.5415163807893,1.9,3,"nhd_2032039"
837,44.230494420369,"Tetonka",-93.6095145317299,5,9.5,"nhd_2032055"
838,44.3414772702613,"Gorman",-93.6608727720837,2.1,4.3,"nhd_2031773"
839,44.3680993444995,"Volney",-93.6414078341279,6.6,20.4,"nhd_2031739"
840,44.2296019273486,"Fish",-93.6656398908427,5.4,16.2,"nhd_2032081"
841,44.2111884857826,"Frances",-93.701398252736,3.7,18.3,"nhd_2032117"
842,44.2738295742902,"German",-93.728405463281,4.1,15.4,"nhd_2031943"
843,44.4371432382977,"Clear",-93.6973769399218,3,6.1,"nhd_2388578"
844,44.2734763799097,"East Jefferson",-93.7599056203707,5,11.3,"nhd_2031945"
846,44.2608846738276,"Swede's Bay",-93.7737677549381,0.7,1.8,"nhd_2031945"
847,44.2770132454468,"Middle Jefferson",-93.7924793985511,1.3,2.4,"nhd_2031941"
849,44.3110450592499,"Emily",-93.9183059134875,3.2,11.3,"nhd_4141086"
850,44.3616386679958,"Dead Coon (Main Lake)",-96.0954851310668,1.5,2.1,"nhd_4136948"
852,44.5128107000318,"Perch",-96.2898183571571,1.5,2.7,"nhd_4121444"
853,44.4043974993991,"Shaokotan",-96.3615448027105,2.4,3.4,"nhd_4123858"
855,44.5714542790631,"Lady Slipper",-95.6290345046836,1.4,2.7,"nhd_4122288"
856,44.3804916391476,"Island",-96.0094218237195,1.1,1.8,"nhd_4136942"
857,44.953921057793,"Hook",-94.3458465493287,1.9,5.5,"nhd_4254936"
858,44.78977413932,"Marion",-94.3843517435556,2,4.6,"nhd_2354426"
859,44.9552281808821,"Stahl's",-94.4204252069366,4.1,10.6,"nhd_2354234"
860,47.3171613925973,"Roy",-95.552690643743,2.9,5.5,"nhd_7028003"
861,47.150669393478,"Tulaby",-95.6062392121438,6.3,12.4,"nhd_7029157"
862,47.2251654748345,"Bass",-95.5890072545753,3.9,7.9,"nhd_7028449"
863,47.2325022620343,"South Twin",-95.6446731547402,3.8,8.3,"nhd_7028377"
864,47.2561548033237,"North Twin",-95.6439855427647,2.4,4.9,"nhd_7028251"
865,47.4500735081782,"Island",-95.6524001094343,4.1,13.1,"nhd_7027575"
866,47.1990306988842,"Snider",-95.671253255917,4.6,8.8,"nhd_7028697"
868,47.4294822608809,"Little Vanose",-95.8000929883411,2.3,8.4,"nhd_7027651"
869,43.5588793133135,"Wilmert",-94.4810908471005,1.7,2.7,"nhd_2748358"
870,43.519941401869,"South Silver",-94.466967448137,3.8,6.7,"nhd_2748386"
871,43.6626839389889,"George",-94.4695382081423,1.7,3.6,"nhd_2748288"
872,43.6514537491645,"Sisseton",-94.4700082811083,2.9,5.6,"nhd_2748294"
873,43.6397414483564,"Budd",-94.4667157967758,3.9,6,"nhd_2748300"
874,43.6231445908305,"Hall",-94.4690321261821,2.4,7.6,"nhd_2748312"
875,43.6071127962603,"Amber",-94.4735488411102,3.7,5,"nhd_2748332"
876,43.6770189295558,"Fox",-94.6984876684502,3.1,6.3,"nhd_2748280"
877,45.2215633722282,"Francis",-94.2611568695908,3.1,5.8,"nhd_4251680"
878,45.0002628807824,"Jennie",-94.3325223387946,2.5,3.5,"nhd_120052027"
879,45.1312776478718,"Little Swan",-94.292407571294,4.3,9.4,"nhd_4251886"
880,45.1429495410615,"Big Swan",-94.278247522017,4.6,9.8,"nhd_4251832"
881,45.0691076927696,"Washington",-94.3727469571668,2.4,5.2,"nhd_4252042"
882,44.9799517409819,"Belle Lake",-94.4262632239956,4.3,6.6,"nhd_2354124"
883,45.0578883964466,"Manuella",-94.4453248478074,6.1,15.5,"nhd_4252102"
884,45.010588721298,"Erie",-94.4203473936509,3.5,7.6,"nhd_4252190"
885,45.0672415167715,"Stella",-94.4197137383553,5.1,22.5,"nhd_4252072"
886,45.1551122095539,"Dunns",-94.4289415333158,3.5,6.1,"nhd_4251826"
887,45.1591804467078,"Richardson",-94.4391608977606,6,12.2,"nhd_4251818"
888,45.2771034027217,"Clear",-94.445079144224,2.5,5.2,"nhd_2723897"
889,45.2737717153716,"Little Mud",-94.4281779050268,3.6,12.7,"nhd_2723939"
890,45.0361255423104,"Minnie-Belle",-94.5280941836571,8,13.7,"nhd_4252134"
891,45.1061129065464,"Ripley (west portion)",-94.5408509278541,3,5.5,"nhd_4251934"
892,45.1059719092801,"Long",-94.6693090609519,1.7,3.4,"nhd_4251894"
893,45.0820448756453,"Hope",-94.6520117219826,1.6,3,"nhd_4252006"
894,44.9932672918199,"Unnamed",-94.4241287549174,0.1,1.5,"nhd_2354124"
895,46.2384525720149,"Mille Lacs",-93.6431427420428,8.7,12.2,"nhd_2360642"
897,46.1544298619075,"Long",-93.8884997617312,3.8,10.7,"nhd_4970209"
898,46.139660875275,"Sullivan",-93.9442630021933,5.5,15.7,"nhd_4970199"
899,46.1546822146797,"Round",-93.9728776849279,4.3,8.8,"nhd_4970213"
900,45.9644411789608,"Pierz",-94.1498595451891,4.9,9.1,"nhd_4971385"
902,46.1314233186729,"Round",-94.4484457216772,3,5.2,"nhd_4858121"
903,46.2085706146506,"Alexander",-94.5436102226828,7.7,19.8,"nhd_4963177"
904,46.3092451124387,"Placid",-94.5095628122291,2.9,7.6,"nhd_4946589"
905,45.8310932026503,"Pine",-94.6321723638262,6.1,17.9,"nhd_4859307"
906,45.7902679300262,"Stony",-94.628647716589,1.5,2.4,"nhd_4971671"
907,46.2539202893582,"Shamineau",-94.6007434928945,5.7,15.8,"nhd_4963129"
908,46.2496203437523,"Round",-94.5336168485893,3.3,5.5,"nhd_4963143"
909,46.2435653968919,"Crookneck",-94.6097197757936,2.6,5.5,"nhd_4963147"
911,45.8141788796782,"Cedar",-94.6367695030127,11,26.7,"nhd_4971593"
913,44.1540230838516,"Sarah",-95.7659408026727,2.3,2.9,"nhd_6579638"
914,44.3104922602853,"Swan",-94.268958746151,0.3,1.1,"nhd_10596268"
915,43.6130163352886,"Okabena",-95.6173637686371,2,5,"nhd_14618590"
916,46.4103128217538,"West Leaf",-95.4919802750977,6.8,16.2,"nhd_4959624"
917,46.4030017259134,"Middle Leaf",-95.4522937181901,5.2,13.1,"nhd_4959648"
918,46.3986935081893,"East Leaf",-95.4228016613463,6.4,14.3,"nhd_4959656"
919,46.611017059412,"Big Pine",-95.4857032978445,5,21.5,"nhd_6655827"
920,46.2951778022422,"East Battle",-95.5535047381854,7.1,26.5,"nhd_6658837"
921,46.4177750694406,"Portage (main bay)",-95.5302060854249,5,14.9,"nhd_4959612"
922,46.4869785315565,"Rush",-95.5212229829006,3.6,19.8,"nhd_167204343"
923,46.6335301679693,"Little Pine",-95.5560278030513,7.4,21.9,"nhd_6656797"
924,46.4193406597154,"Donalds",-95.5525420521172,4.8,13.1,"nhd_4959614"
925,46.5150810004999,"Boedigheimer",-95.5917695909741,4.2,7.9,"nhd_6656333"
926,46.2474789051877,"Clitherall",-95.6672755044333,7.9,20.9,"nhd_6658899"
927,46.2934236952891,"West Battle",-95.6537663424844,7,32.9,"nhd_6658833"
928,46.3472241392398,"Blanche",-95.6586446741156,3.2,19.3,"nhd_6658711"
929,46.3274978764031,"Annie Battle",-95.6605395439864,4.5,15.5,"nhd_6658783"
930,46.4007513405971,"Otter Tail",-95.6632671039932,7.6,34,"nhd_6658551"
931,46.1707404344715,"Eagle",-95.6920045962202,9,14,"nhd_4099427"
932,46.3593128142979,"Deer",-95.7678204310575,3,7.6,"nhd_6658673"
933,46.2929154492711,"Elbow",-95.7484768663107,6,14,"nhd_4098951"
934,46.4362885668136,"Walker",-95.6773077194168,3.5,8.8,"nhd_6658543"
935,46.6939050410162,"Scalp",-95.7797229574732,10.1,27.4,"nhd_6655559"
937,46.7095935159427,"Six",-95.778001352962,9.8,39.6,"nhd_6655453"
939,46.4799380469612,"Dead",-95.7506444402968,2.9,18.5,"nhd_167204342"
941,46.6239331937804,"Sybil",-95.7835192754765,7.5,22.6,"nhd_6655829"
943,46.2088261132821,"Stalker",-95.8285746896291,6.3,28.9,"nhd_4099203"
944,46.4273424033191,"Pickerel",-95.8057572554625,9,24.7,"nhd_6658553"
945,46.6828534827939,"Leek (Trowbridge)",-95.8635047760254,5.1,23.1,"nhd_6655585"
946,46.125674131964,"Ten Mile",-95.9634157176953,5,15.5,"nhd_4099665"
947,46.5022986335496,"Fladmark",-95.9231227989133,6.2,13.7,"nhd_120052117"
948,46.5792487490355,"North Lida",-95.9668531266333,5.4,14,"nhd_120052619"
949,46.535622427099,"South Lida",-95.9872536932088,5.4,14.6,"nhd_120052620"
950,46.6148366653898,"Crystal",-95.9516825213431,4.9,16.7,"nhd_167204344"
951,46.6421300118312,"Franklin",-95.9746184036531,4.4,14.2,"nhd_6655725"
953,46.6158751207649,"Rush-Lizzie(south portion",-95.9990575132203,1.4,2.7,"nhd_167204344"
954,46.4302453851911,"Long",-96.0553738224367,7.3,22.2,"nhd_6657403"
955,46.6984976873966,"Pelican",-96.0199157588166,7.1,18.6,"nhd_120052139"
956,46.2243757380565,"Iverson",-96.0440438350848,2.1,5.5,"nhd_6657715"
957,46.4110010868933,"Jewett",-96.0506017159231,7.1,22.8,"nhd_6657425"
958,46.6007702802325,"Prairie",-96.0705759166814,2.6,6.4,"nhd_6654109"
960,46.0721177110407,"Tamarack",-92.5045641087903,4.5,14.2,"nhd_2262585"
961,46.4031711471954,"Pickerel",-92.4373477253892,1.1,2.4,"nhd_1803755"
962,46.4159035730752,"Net",-92.4494521122873,1.7,3.7,"nhd_1803719"
963,46.3873499031734,"Oak",-92.5945520979317,2.2,5.5,"nhd_2628524"
964,46.4072748767998,"Island",-92.7516714785223,4.2,12.5,"nhd_2628482"
965,46.3799972370389,"Sturgeon",-92.7565557490998,5.7,12.2,"nhd_2628516"
966,46.4148416794585,"Sand",-92.7800601119637,5.3,12.2,"nhd_2628474"
967,45.8501023517355,"Cross",-92.9428971827274,4.2,9.8,"nhd_2638070"
968,46.1224060832516,"Grindstone",-93.0074228354714,21.6,46.6,"nhd_2630930"
969,46.2274967786399,"Bass",-92.9688265954929,1.3,3.6,"nhd_2628802"
970,46.1553671628598,"Bass",-93.0524475575719,3,6.1,"nhd_2630868"
971,46.2081504838441,"Big Pine",-93.0453811661155,4.1,6.7,"nhd_2630796"
972,45.8440175708071,"Pokegama",-93.0433718852368,3.5,7,"nhd_2639444"
973,47.6261514128559,"Cross (North East Bay)",-95.6271092560365,0.4,3.3,"nhd_7055251"
974,47.6217607994864,"Cross (Main  Basin)",-95.6331305381299,2.9,5.8,"nhd_7055251"
975,47.6220861663979,"Cross (East Bay)",-95.6167383816495,0.2,1.1,"nhd_7055251"
976,47.7156785110551,"Store",-95.7633683011308,3.7,5.8,"nhd_7054645"
977,47.6774037403268,"Hill River",-95.8081568556684,3.3,17.9,"nhd_7054881"
978,47.6654569844125,"Cameron",-96.0196221241263,1.8,2.1,"nhd_7053203"
980,47.680719610856,"Badger",-96.0138136065604,1.7,5.8,"nhd_7053169"
982,47.6568004642702,"Maple",-96.1713608772778,2.6,4.3,"nhd_7053191"
983,45.4521291543228,"Scandinavian",-95.3485248241106,4.5,14.9,"nhd_4415184"
984,45.6844209268359,"Amelia",-95.290411764253,7,20.8,"nhd_4413390"
985,45.6442705842488,"Pelican",-95.4562741961004,2.7,10.2,"nhd_4413500"
986,45.7018885366224,"Ann",-95.4415258830471,3.2,4.3,"nhd_4413374"
988,45.0267606452102,"Silver (East)",-92.9883940222112,1.8,5.5,"nhd_2648034"
989,45.1181856898075,"Bald Eagle",-93.0141327934516,4.1,11.3,"nhd_1099052"
990,45.0227308287069,"Casey",-93.013453424436,0.4,1.1,"nhd_1099534"
991,45.024768577172,"Kohlman",-93.058574876337,1.2,3.6,"nhd_1099522"
992,45.0195895817954,"Gervais",-93.0700805535443,5.8,12.6,"nhd_1099526"
994,45.0058810475659,"Keller (main bay)",-93.060988982326,1.3,1.5,"nhd_1099588"
995,44.9946138528006,"Wakefield",-93.0358403770468,1.3,2.4,"nhd_1101500"
996,44.9876286606905,"Phalen",-93.0528021122119,7.1,27.7,"nhd_1101504"
997,44.9730854792556,"Beaver",-93.0047062196991,2,3.9,"nhd_1101572"
998,45.0521494561216,"East Vadnais",-93.0882704169892,7.6,17.6,"nhd_1099352"
999,45.0527466982173,"West Vadnais",-93.1011126768168,1.7,2.7,"nhd_1099382"
1000,45.0957913390851,"Pleasant",-93.100007848693,5.1,17.6,"nhd_1099170"
1001,44.9045311270174,"Crosby",-93.1511914424251,0.6,5.1,"nhd_1101846"
1002,44.9981750441234,"McCarron",-93.1129729567649,7.9,17.4,"nhd_120051922"
1003,44.9800820156304,"Como",-93.1398084919806,1.9,4.9,"nhd_1101548"
1004,45.0333318022969,"Owasso",-93.1242887807955,3.3,11.3,"nhd_1099450"
1005,45.0353886663991,"Josephine",-93.1537335139598,3.2,13.1,"nhd_1099476"
1006,45.098586215376,"Turtle",-93.1382218682097,3.4,8.5,"nhd_1099156"
1007,45.0761209261203,"Long",-93.2035168947182,3.4,7.3,"nhd_1099240"
1008,45.0536822807606,"Island (Basin S.of I-694)",-93.1361143927367,1.7,3.3,"nhd_1099390"
1009,45.0583534910621,"Island (Basin N.of I-694)",-93.1341772884567,1.1,2.1,"nhd_1099380"
1010,45.0434466317626,"Johanna",-93.1699935510313,5.2,13.1,"nhd_1099420"
1011,45.0450317922864,"Wabasso",-93.1160370658526,5.7,22.2,"nhd_1099432"
1012,44.2106374148061,"Laura",-95.4998136729137,2.5,6.2,"nhd_4047936"
1013,44.7825549209026,"Preston",-94.5383276335417,1.8,3,"nhd_2354424"
1014,44.8035907113074,"Allie",-94.558053387586,2.3,3,"nhd_2354400"
1017,44.3289246943049,"Roberds",-93.3447297692752,3.1,11.6,"nhd_2031815"
1018,44.3921744245793,"Fox",-93.323624930303,5.9,14.3,"nhd_2031703"
1019,44.3396284221838,"French",-93.3921781417733,5,15.4,"nhd_2031777"
1020,44.3731970580227,"Mazaska",-93.3946367420556,5.1,15.1,"nhd_2031719"
1021,44.2159078166807,"Sprague",-93.4834194873649,0.9,1.6,"nhd_2032119"
1022,44.2958644372504,"Cedar",-93.4304487383219,2.8,12.8,"nhd_2031893"
1023,44.3697349203182,"Shields",-93.4445519431273,3.2,9.3,"nhd_2031725"
1026,47.1784402566146,"Pequaywan",-91.8877099425495,4.4,9.1,"nhd_1790543"
1027,47.166533080165,"Sand",-91.8705368410285,1.8,4.9,"nhd_1790567"
1028,47.2356800928976,"Little Stone",-91.8225840490325,2.4,4.6,"nhd_1790479"
1029,47.2107860732996,"White",-91.8809593947389,2.4,7.6,"nhd_1790503"
1030,47.3695373719359,"Bassett",-91.9050172689199,3.9,6.1,"nhd_1790301"
1031,47.5302679545713,"Big",-91.8498554286684,4.3,8.5,"nhd_1763758"
1032,47.7782523378011,"Little",-91.8258736908017,2.9,7.3,"nhd_7108715"
1033,47.9592245614201,"Dry",-91.8707473875472,7.5,13.4,"nhd_7107613"
1034,47.9120654974815,"Shagawa",-91.8780001552285,5.6,12.8,"nhd_7107851"
1036,47.379385700499,"Cadotte",-91.9111624893784,3.3,5.5,"nhd_1767538"
1037,47.7761454797514,"Bear Island",-91.9663451586469,7.1,18.9,"nhd_120053088"
1039,47.2909049041877,"Harris",-92.02714670714,4.1,11.6,"nhd_1768880"
1040,48.0697598611091,"Big",-91.9971171968398,2.8,6.7,"nhd_120052231"
1041,48.1883751240426,"Stuart",-92.0089187672577,5.2,12.2,"nhd_167201758"
1043,47.7845009934706,"Bearhead",-92.0794154521202,4.2,14,"nhd_7113929"
1044,47.8494658440226,"Armstrong",-92.0795844175383,6,10.3,"nhd_7142960"
1045,47.8301515390817,"Eagles Nest #1",-92.101406362046,8.2,23.2,"nhd_7143026"
1047,47.8134462445016,"Eagles Nest #3",-92.090408694563,4.5,14.9,"nhd_7143102"
1048,46.8926237723072,"Wild Rice",-92.1846747510123,1.5,2.4,"nhd_1793523"
1049,47.013370366096,"Island Lake Rsvr(W.Basin)",-92.2035902257426,4.8,21.1,"nhd_7177914"
1050,47.0289913641385,"Island Lake Rsvr(E.Basin)",-92.1143646967863,8.3,27.4,"nhd_7177914"
1051,47.0629104253938,"Boulder",-92.173422930207,2.5,4.6,"nhd_1791863"
1053,47.8470403260915,"East Vermilion",-92.3339475406189,5.3,22.8,"nhd_7142570"
1055,46.9870027080828,"Flowage",-92.1917995752895,2.1,3,"nhd_1792715"
1056,46.9696586872382,"Clearwater",-92.2141150206925,2.8,7.8,"nhd_1792765"
1057,47.2196410847197,"Upper Comstock",-92.2228733908972,4.2,7.6,"nhd_1769008"
1058,47.2085533266098,"Lower Comstock",-92.2401348563369,3,7.6,"nhd_1769034"
1059,48.2440649135716,"Loon",-92.2791751805194,8.4,22.9,"nhd_7101345"
1061,46.8673367822708,"Pike",-92.3016491744733,7.8,18.3,"nhd_1775796"
1062,46.9400124936692,"Fish Lk Flowage(Main Bas)",-92.2738535777233,3,11,"nhd_1792789"
1064,47.1648014303079,"Long",-92.3096117639863,5.4,12.2,"nhd_1769084"
1065,47.9732257685473,"Trout",-92.3192012715679,12.5,28.6,"nhd_167201784"
1066,46.8754864376738,"Grand",-92.4020687842749,2.1,7.3,"nhd_1792897"
1067,47.1036949839566,"Leora",-92.4039480881891,5.2,10.7,"nhd_1791829"
1068,47.2260425752966,"Dinham",-92.399988278131,3.7,7.6,"nhd_1768996"
1069,47.2071914124184,"Cameron",-92.3573393993363,4.2,7.6,"nhd_1769036"
1070,47.206644931777,"Schubert",-92.3369171446663,3.3,6.1,"nhd_1770992"
1071,47.3289900653986,"Section Fourteen",-92.3312208349149,2.5,7.6,"nhd_1768784"
1073,48.2801253251234,"Little Vermilion",-92.4115139985378,5.9,15.8,"nhd_7101115"
1074,48.1756991810553,"Echo",-92.4697063568485,2.2,3.4,"nhd_7137600"
1075,48.2936723780916,"Crane",-92.4757987044369,8.8,24.4,"nhd_120052238"
1077,47.0920094649966,"Nichols",-92.5383075260996,2.4,9.1,"nhd_1769208"
1078,47.3121057196329,"Elliot",-92.4435069234754,1.7,3.5,"nhd_1768822"
1080,47.4507070733242,"Ely",-92.4829495891587,6.8,21.3,"nhd_1768408"
1081,47.523851362202,"Silver",-92.5437562284134,3.2,8.7,"nhd_1766204"
1082,47.5275007369762,"Virginia",-92.5384055778298,4.8,13.6,"nhd_1766186"
1083,48.3965796876301,"Little Trout",-92.5213477390651,12.2,29,"nhd_7152976"
1084,48.3360193528187,"Mukooda",-92.4886858518395,12,23.8,"nhd_7153320"
1087,48.5690658885023,"Rainy",-93.167457309897,1.9,5.2,"nhd_120052233"
1088,47.0121406448229,"Maple Leaf",-92.6238043819111,4.8,15.2,"nhd_1769334"
1089,47.000943432904,"Aerie",-92.6384060231269,3.6,11.3,"nhd_120053274"
1090,48.0426159716056,"Ban",-92.6594645098601,2.1,4,"nhd_7138638"
1091,48.0388532665204,"Unnamed",-92.607790895396,1,4.4,"nhd_120052243"
1093,48.0083208046953,"West Elbow",-92.6943527769388,1.9,4.6,"nhd_120052243"
1094,48.1107030831955,"Kjostad",-92.6037439732551,6.1,15.2,"nhd_7138116"
1095,48.285224685079,"Marion",-92.673361166577,2.2,4,"nhd_7168196"
1096,48.3693554865652,"Little Johnson",-92.674616845691,2.7,8.4,"nhd_7153122"
1097,48.3713860079283,"Spring",-92.6300878947905,9.4,18.3,"nhd_7153150"
1098,47.6258263867978,"Camp A",-92.7696468623344,2.4,9.3,"nhd_7173488"
1099,47.6836592581847,"Gate",-92.6918458146982,2.8,10,"nhd_7173330"
1100,48.1930566771674,"Elephant",-92.7440595249192,4.5,9.1,"nhd_7137474"
1101,48.4979463257043,"Cruiser",-92.8056947521614,13.1,27.7,"nhd_120052240"
1102,48.5185514443343,"Unnamed (Ryan)",-92.7073537668168,2,3.7,"nhd_7151004"
1103,48.5166169275025,"Brown",-92.7948773706235,4.2,8.2,"nhd_7151014"
1104,48.0581627184886,"Pelican",-92.9100432822694,2.3,10.9,"nhd_7138266"
1105,48.2030881852229,"Black Duck",-92.8190365476107,5.1,9.4,"nhd_7154030"
1107,46.7915880186648,"Prairie",-92.9038277641096,6.2,13.7,"nhd_4838796"
1108,48.2119391613233,"Ash",-92.9346842543887,5.1,7.9,"nhd_7153992"
1109,48.4835326958978,"Jorgens",-92.8435814466041,2.8,5.8,"nhd_7152618"
1110,48.5255367910407,"Loiten",-92.9240621798677,7.4,14.9,"nhd_7150968"
1112,47.9551227333511,"Little Dry",-91.8764804341185,3.2,8.2,"nhd_7107659"
1116,44.7116370403043,"Murphy",-93.3410959430388,1.6,6.3,"nhd_2385476"
1118,44.6267012401144,"St. Catherine",-93.4335995064967,1.3,2.4,"nhd_2385696"
1119,44.6314004182574,"Cynthia",-93.4752144674135,1.6,3,"nhd_2385680"
1120,44.6999646314488,"Spring",-93.4722355030683,4.8,11.3,"nhd_2385496"
1121,44.7125714409743,"Unnamed",-93.4763715119787,1.3,2.2,"nhd_2385472"
1122,44.6515666946605,"Fish",-93.4603903545999,4.9,8.5,"nhd_2385648"
1123,44.713236790062,"Upper Prior",-93.4483806119942,2.3,12.3,"nhd_2385444"
1124,44.7441958443575,"Unnamed (Hass)",-93.457788538687,0.9,1.8,"nhd_2385358"
1125,44.5888662902075,"Cedar",-93.5213364414095,1.9,3.4,"nhd_2385742"
1126,44.7413543860915,"O'Dowd",-93.5171814399764,2.1,6.7,"nhd_2385346"
1127,44.605774420428,"Pleasant",-93.5641014222716,1.1,1.7,"nhd_2385724"
1128,44.6895765573067,"Geis",-93.5475996437787,0.5,1.1,"nhd_2385542"
1129,44.6507656169908,"Unnamed",-93.380234999522,1.3,2.4,"nhd_2385658"
1130,44.62164591786,"Sweetbrier",-93.3439770569406,1.4,5.2,"nhd_2385706"
1131,45.4551589866965,"Fremont",-93.5753985243082,1.6,3,"nhd_2721707"
1132,45.4865990294193,"Sandy",-93.5189413797627,4.2,12.2,"nhd_2365412"
1133,45.487528782845,"Elk",-93.6265065223848,2.3,4.6,"nhd_2721639"
1134,45.3767504655699,"Birch",-93.6691558071913,3.1,5.5,"nhd_2721831"
1136,45.4238834120902,"Ann",-93.6906136111669,2.1,7.6,"nhd_2721755"
1137,45.3417504782152,"Mitchell",-93.7561832096717,4.7,13.4,"nhd_2721881"
1138,45.3382742126828,"Big",-93.7547231803068,4.8,13.4,"nhd_2721881"
1139,45.4713923494028,"Elk",-93.9458816612474,1.6,2.4,"nhd_2721669"
1140,45.5050592123408,"Julia",-93.9221096626873,2.4,4.6,"nhd_2719383"
1141,45.4990458363719,"Briggs",-93.9400698433831,3.9,7.6,"nhd_120052041"
1142,45.490858346944,"Rush",-93.9330938208169,1.7,3,"nhd_120052041"
1143,45.4001943233629,"Maria",-94.119106433473,2.3,4.6,"nhd_2723527"
1144,45.3954868400422,"Long",-94.10321587178,4,9.1,"nhd_2723539"
1145,45.3903018126133,"Crooked",-94.1115071546262,4.1,9.1,"nhd_2723539"
1146,45.4189471012726,"Warner",-94.0826108837426,3.8,9.1,"nhd_2723465"
1148,45.3245252495354,"Otter",-94.1587562693843,7.2,15.2,"nhd_2723769"
1150,45.3300878159498,"School Section",-94.2723530510759,2.6,3.7,"nhd_4981368"
1151,45.3989420857337,"Pearl",-94.3064278989965,3,5.5,"nhd_4981268"
1152,45.3673811606595,"Carnelian",-94.274401099767,4.1,9.8,"nhd_4981310"
1153,45.4942009093386,"Pleasant",-94.2869571121275,4,9.1,"nhd_4981134"
1154,45.4371801350347,"Grand",-94.3373358992036,5.8,10.4,"nhd_4981198"
1155,45.3875585029716,"Goodners",-94.3759703096265,2.3,6.1,"nhd_4981294"
1156,45.4462410725118,"Schneider",-94.476864976591,6.1,16.8,"nhd_4981172"
1157,45.4404282087854,"Great Northern",-94.468413312505,1.9,4.9,"nhd_4981172"
1158,45.4352432033641,"Knaus",-94.4505239062605,2,4.9,"nhd_4981172"
1159,45.4367761974696,"Krays",-94.4588707240306,2.1,12.3,"nhd_4981172"
1160,45.4309353335867,"Bolfing",-94.4649935405392,4,10.7,"nhd_4981172"
1161,45.4364362306925,"Zumwalde",-94.4859868977734,1.9,6.5,"nhd_4981172"
1162,45.5722249754112,"Sagatagan",-94.3913564911935,2.1,12.1,"nhd_4972121"
1163,45.5789402911621,"Kreigle",-94.4788646525005,3.8,18.3,"nhd_4972101"
1164,45.5515743428267,"Big Watab",-94.4501704236944,12.6,37.3,"nhd_4972175"
1165,45.5539653329391,"Island",-94.3981364091394,2.7,12.2,"nhd_4972183"
1167,45.6545667909747,"Pelican",-94.4853027120559,5.2,12.2,"nhd_4971933"
1168,45.6203945401142,"Ochotto",-94.4482287804745,4.8,12.4,"nhd_4972009"
1169,45.6042792475877,"Achman",-94.4030707212599,2,7.6,"nhd_4972047"
1170,45.4234338383981,"Cedar Island (Main Bay)",-94.5007621066073,4.6,21.3,"nhd_4981172"
1171,45.4180381638408,"Cedar Island (Mud Lk)",-94.5126196869522,3.1,10.7,"nhd_4981172"
1173,45.4383213787261,"Cedar Island (East Lk)",-94.5141468230109,0.8,4.2,"nhd_4981172"
1174,45.6510722152064,"Pine",-94.508424057606,9.1,21.3,"nhd_4971937"
1176,45.385635102739,"North Brown's",-94.5377942592826,5.6,10.7,"nhd_4981290"
1177,45.3515338687963,"Eden",-94.5283499990147,5.7,23.1,"nhd_4981330"
1178,45.3382831394293,"Vails",-94.5337721393818,2.6,6.1,"nhd_4981350"
1179,45.4434048127639,"Becker",-94.5382493978661,0.7,6.1,"nhd_4981172"
1180,45.4266397382148,"Horseshoe",-94.5330276296299,4.3,17.4,"nhd_4981172"
1181,45.4236528528083,"Big",-94.5768613998812,4.1,9.1,"nhd_4981210"
1182,45.3742498531639,"Rice",-94.6156498689346,4.8,12.5,"nhd_4251354"
1183,45.6025326359611,"Sand",-94.6497077564022,2,3,"nhd_4978918"
1184,45.3347562003224,"Koronis (main lake)",-94.7119189179994,8.9,40.2,"nhd_4251408"
1185,45.6233515002347,"Maria",-94.7316769600022,4,12.2,"nhd_4978882"
1186,45.703406323586,"Cedar",-94.7481506039707,2.2,10.7,"nhd_4978798"
1187,45.7060506467149,"Long",-94.7144787271427,6.1,18.3,"nhd_4978790"
1188,45.6884532544112,"Kings",-94.70431796757,7,13.4,"nhd_4978810"
1190,43.8916715418836,"Beaver",-93.3498057609129,4.4,8.2,"nhd_2034063"
1191,45.5215968366078,"Page",-95.7937257946598,4,5.2,"nhd_4413704"
1192,45.5887196471922,"Long",-95.7901890031672,1.5,2.9,"nhd_4413566"
1193,45.700899544282,"Perkins",-95.8617950565239,2,4,"nhd_4103107"
1195,45.3246134618562,"Monson",-95.2796919501006,2,4.7,"nhd_4415522"
1196,45.4058169827918,"Camp",-95.3902159124006,3.9,7.9,"nhd_4415322"
1197,45.3358082305241,"Oliver (east portion)",-96.0196535170516,3.2,5.5,"nhd_4104187"
1198,45.3474992852551,"Oliver (west portion)",-96.0407437608885,2.2,4.3,"nhd_4104177"
1199,45.7787176290682,"Schreiers",-94.6459486021044,1.3,2.1,"nhd_4971701"
1200,45.8347656430333,"Mound",-94.6801283792807,7.1,17.4,"nhd_4859287"
1201,45.8217274751001,"Bass",-94.7360801620675,5,14.3,"nhd_4978572"
1202,45.8879492700769,"Big Swan",-94.7503103537532,5,13.7,"nhd_4859143"
1203,45.8885885105097,"Moose",-94.6898926949629,4.3,7.9,"nhd_4859169"
1204,45.8870332173734,"Long",-94.7232220040961,9.6,19.2,"nhd_4859163"
1205,45.8683500732099,"Buck",-94.7000006135378,6.1,11.9,"nhd_4859209"
1207,45.9306617182378,"Little Swan",-94.6933006050434,7.9,20.4,"nhd_4859099"
1208,46.0099942734416,"Beauty",-94.696640662315,4.1,8.8,"nhd_4858265"
1209,46.081226069735,"Coal",-94.7556642397956,4.5,7.6,"nhd_4963317"
1210,46.1420737530332,"Big",-94.6835288698082,3.4,6.4,"nhd_4858077"
1211,46.1156958672966,"Pine Island",-94.7131648442089,4.2,7.9,"nhd_4858145"
1212,45.7804137757342,"Big Birch",-94.7524931201255,7.7,24.4,"nhd_4978640"
1213,46.1925200896285,"Turtle",-94.7699847074671,5.9,11.9,"nhd_4963209"
1215,45.8227031644548,"Fuller",-94.8042645375718,4.7,13.7,"nhd_4978570"
1216,45.8160704377371,"Hennessy",-94.7981546349658,3.4,8.8,"nhd_4978592"
1217,45.9211576535197,"Latimer",-94.8506211021353,5.1,9.3,"nhd_4965327"
1218,46.3499731402284,"Dower",-94.8523462300642,4,10.4,"nhd_4963059"
1219,45.7981086173473,"Long",-94.889256517931,4.8,11,"nhd_4978632"
1222,45.8463989205019,"Cedar",-94.9264468698472,4.5,7.6,"nhd_4978518"
1223,45.8640793791808,"Juergens",-94.9335375615127,2.8,5.8,"nhd_4978512"
1224,45.8574411780622,"Little Sauk",-94.9840667385968,3.3,7.7,"nhd_4978510"
1225,45.8340274002174,"Guernsey",-95.0321154275997,2.2,4.9,"nhd_4980402"
1226,45.908901472526,"Osakis",-95.106056419106,5.1,20.3,"nhd_4980330"
1227,45.8147259639912,"Long",-94.9800754344462,3.2,8.8,"nhd_4978564"
1228,45.8031788894004,"Lily",-94.9829363414391,4.6,10.1,"nhd_4978620"
1230,46.7984844626366,"Lower Twin",-95.0380150670031,3.4,7.3,"nhd_4944293"
1231,46.7874748112921,"Blueberry",-95.0871099651528,2.1,4.6,"nhd_4944385"
1232,44.0861522295734,"Clear",-93.4841570640823,3,7.6,"nhd_2032351"
1233,44.0813331547949,"Loon",-93.5183685870497,1.5,2.4,"nhd_2032357"
1234,44.1869606159834,"Reeds",-93.6133424802777,4.3,17.4,"nhd_10595614"
1236,45.0472476900214,"Long",-92.8528494007547,1.5,6.7,"nhd_2647936"
1237,45.1649774952369,"East Boot",-92.831103439449,1.7,8.2,"nhd_2647560"
1238,45.1745357158613,"Unnamed (Maple Marsh)",-92.8868870692446,1.2,2.8,"nhd_2647532"
1239,45.162997124562,"West Boot",-92.8383341780153,2.9,10.4,"nhd_2647572"
1240,45.1566615453412,"Square",-92.8037910383002,9,20.2,"nhd_2647582"
1241,45.1359797083708,"Big Carnelian",-92.8088135307686,7.6,20.1,"nhd_2647628"
1243,45.2862217165256,"Bone",-92.8594865272021,4.1,9.1,"nhd_2647112"
1244,45.2675626768236,"Goose",-92.8088520113257,3.8,7.6,"nhd_2647176"
1245,45.2493335218857,"Halfbreed",-92.8986644569525,1.4,10.3,"nhd_2647236"
1247,44.9443095847386,"Battle Creek",-92.9719876434294,1.2,4.7,"nhd_1100974"
1248,44.9255288425897,"Powers",-92.8991958441983,4.4,12.5,"nhd_2651398"
1249,45.0223204605248,"DeMontreville",-92.9414124499721,2.3,7.3,"nhd_2648038"
1250,45.0167155074835,"Olson",-92.9438053145086,2.3,4.4,"nhd_2648038"
1251,45.0157001457213,"Jane",-92.9243636681879,4,11.8,"nhd_2648074"
1252,44.9840634457896,"Elmo",-92.887340085595,10.8,34.8,"nhd_2651310"
1253,44.9535266426383,"Tanners",-92.9815072132961,5.6,13.7,"nhd_1100962"
1254,45.1338333782828,"Sunset",-92.9428503734535,1,4.7,"nhd_2647656"
1255,45.2738824262163,"Forest",-92.9460681044847,3.3,11.3,"nhd_2647106"
1256,45.2527270527524,"Shields",-92.94534121098,2.2,7.9,"nhd_2647234"
1257,45.2607545916692,"Clear",-93.0018407758025,3.4,8.5,"nhd_167120570"
1258,44.9064182888616,"Carver",-92.9815026878259,4.6,11,"nhd_1101008"
1259,45.0765096631183,"White Bear",-92.9884866247413,5.2,25.3,"nhd_1097324"
1262,44.0370130131053,"Winona (South Bay)",-91.6362017883633,4.4,11.6,"nhd_2116316"
1263,45.142224385791,"Martha",-93.7391652665647,2.5,6.1,"nhd_4250476"
1264,45.1510658377362,"Charlotte",-93.7471706024062,6.5,12.2,"nhd_4250446"
1265,45.150293853828,"Moore",-93.7533208141573,1.2,2.5,"nhd_4250466"
1266,45.1743343326706,"Beebe",-93.7429946630029,3.6,7.2,"nhd_4250418"
1268,45.1206971351488,"Dean",-93.8342085915685,3.1,6.1,"nhd_4250500"
1269,45.1020518918168,"Crawford",-93.8605832638667,0.8,4.6,"nhd_4250540"
1270,45.218432502506,"Constance",-93.8632511627909,3.7,6.1,"nhd_4250290"
1271,45.1982222466336,"Pulaski (main bay)",-93.8537854455655,11.1,26.5,"nhd_4250322"
1272,45.2891518200352,"Bertram",-93.854845898877,5.6,12.8,"nhd_2722015"
1273,45.1627625331638,"Buffalo",-93.8933574242715,4.3,10.6,"nhd_4250428"
1274,45.0706664665568,"Little Waverly",-93.9962391728051,1.9,3,"nhd_120053228"
1275,45.1437489498311,"Deer",-93.9124928930931,2.6,7.6,"nhd_4250470"
1276,45.0753380575187,"Waverly",-93.9724500589719,7.6,21.5,"nhd_4250568"
1277,45.222772037845,"Sullivan",-93.9439854812288,4.6,15.2,"nhd_4250278"
1278,45.2103037822016,"Ramsey",-93.9964220949952,5.9,24.6,"nhd_120053321"
1279,45.2356298780238,"Upper Maple",-93.9584664401192,5.1,23.2,"nhd_4250250"
1280,45.22133990752,"Mud",-93.9829803902599,0,0.3,"nhd_4250280"
1281,45.3111103464209,"Silver",-93.9794389130355,5.1,12.2,"nhd_2721961"
1282,45.3037438962248,"Ida",-93.9044308246201,5.6,18.2,"nhd_2721971"
1283,45.2832789552723,"Eagle",-93.9145841362068,4.4,11.5,"nhd_2722027"
1284,45.287933706727,"Millstone",-93.9940088499864,1.3,2.6,"nhd_2722011"
1285,45.26547180389,"Unnamed (Otter)",-94.0115887324033,3.2,8.1,"nhd_2723969"
1286,45.2528384452693,"Mary",-93.9911176172341,10.7,31,"nhd_2722093"
1287,45.3335409758545,"Limestone",-93.9992938697491,3.7,10.3,"nhd_120053323"
1288,45.3601942417212,"Locke",-93.9600926673361,5.5,14.9,"nhd_2721861"
1289,45.170697104035,"Rock",-94.0129665116424,4.1,11.2,"nhd_4251794"
1290,45.3828784109762,"Fish",-94.0161100002731,4,11.6,"nhd_2723565"
1291,45.0274739462328,"Ann",-94.0471721009931,3.1,5.6,"nhd_4252168"
1292,44.9960785713887,"Mary",-94.0234339934051,5.5,14.6,"nhd_120052029"
1293,45.072621824671,"Howard",-94.069398106068,4.9,11,"nhd_4252056"
1294,45.1847241214752,"Granite",-94.1100812889139,5.5,10.3,"nhd_4251770"
1295,45.1620633660987,"Camp",-94.0928712206632,5.9,15.8,"nhd_4251822"
1296,45.3078168855131,"Indian",-94.0276470432845,5.1,9.4,"nhd_2723849"
1298,45.2740022431043,"Mink",-94.0266854823408,1.9,9.1,"nhd_2723937"
1299,45.264007817489,"Somers",-94.0269089650395,2.9,4.6,"nhd_2723937"
1300,45.3177515557827,"Sugar",-94.0378402263046,7.7,20.6,"nhd_2723763"
1301,45.3216742499192,"Bass",-94.1026009762831,5.1,10.4,"nhd_2723773"
1302,45.3572542335465,"Nixon",-94.0565126861112,4.1,15.2,"nhd_2723649"
1303,45.3309589366282,"Grass",-94.1124753182876,3.1,10.7,"nhd_2723741"
1304,45.2748651510001,"Pleasant",-94.1251721195827,4.9,22.4,"nhd_2723927"
1305,45.2953558875444,"Clearwater (East)",-94.1039730453955,6.8,21.3,"nhd_2723765"
1306,45.3147510962584,"Clearwater (West)",-94.1375043669541,4.9,15.2,"nhd_2723765"
1307,45.1097453258106,"Cokato",-94.1679840322168,6.6,15.8,"nhd_4251924"
1308,45.0876131257592,"Brooks",-94.2031276848881,3.5,6.4,"nhd_4252020"
1309,45.1513529939408,"Mud",-94.1505744935049,6.2,20.9,"nhd_4251842"
1310,45.2255944147483,"Moose",-94.2326850208928,2.7,12.2,"nhd_4251688"
1311,45.2084711489021,"French",-94.1629817407949,5,15.2,"nhd_4251712"
1312,45.248664271575,"West Lake Sylvia",-94.2132717125334,9.5,25.1,"nhd_4251618"
1313,45.3177251533718,"Caroline",-94.1963463542072,4.6,13.5,"nhd_2723789"
1315,45.3028087864116,"Augusta",-94.1682825066642,7.6,24.9,"nhd_2723871"
1316,45.2598472031592,"John",-94.1669333546609,3.4,9.3,"nhd_4251616"
1317,45.2521470744967,"East Lake Sylvia",-94.1952605276161,9.7,23.7,"nhd_4251618"
1318,45.0506985402745,"Collinwood",-94.2551763337326,3.7,8.5,"nhd_4252106"
1319,45.274989756378,"Scott",-94.257690126734,2.9,7,"nhd_2723935"
1320,45.2534070842234,"Union",-94.2605719343409,5.6,10.7,"nhd_2723993"
1322,44.6405376024856,"John Reservoir",-96.2268484794622,1.7,4.3,"nhd_4121422"
